Revenue,Increase,Date,Open,Close,High,Low
FALSE,-0.0033,8/24/2026,26065.32,25980.19,26109.96,25910.82
FALSE,-0.0007,8/21/2026,26198.83,26180.45,26269.85,26049.3
FALSE,-0.0055,8/20/2026,26211.52,26067.17,26263.47,26023.12
FALSE,-0.0024,8/19/2026,26393.89,26331.09,26456.78,26185.13
FALSE,-0.0022,8/18/2026,26346.88,26289.71,26422.5,26266.68
FALSE,-0.0052,8/17/2026,26784.65,26644.91,26798.4,26626.37
FALSE,-0.0045,8/14/2026,26851.15,26729.16,26862.17,26661.95
TRUE,0.0064,8/13/2026,26631.34,26803.03,26875.52,26612.85
FALSE,-0.0034,8/12/2026,26680.47,26588.49,26688.24,26531.93
FALSE,-0.0085,8/11/2026,26672.17,26445.45,26679.26,26372.31
FALSE,-0.0028,8/10/2026,26680.44,26605.36,26724.63,26548.26
TRUE,0.0059,8/7/2026,26534.66,26690.62,26712.62,26478.01
TRUE,0.003,8/6/2026,26268.84,26348.35,26499.42,26208.43
FALSE,-0.0125,8/5/2026,26698.02,26363.44,26739,26348.51
TRUE,0.019,8/4/2026,26088.04,26584.99,26679.91,26088.04
TRUE,0.0181,8/3/2026,25452.66,25913.9,25967.44,25420.35
TRUE,0.0013,7/31/2026,25340.71,25373.85,25460.86,25004.33
TRUE,0.0109,7/30/2026,24852.05,25122.18,25171.44,24813.84
FALSE,-0.0169,7/29/2026,24863.48,24442.94,25054.53,24425.34
TRUE,0.0021,7/28/2026,24825.07,24876.91,24984.5,24581.01
FALSE,-0.0121,7/27/2026,25236.19,24932.08,25261.91,24774.87
FALSE,-0.0052,7/24/2026,25107.38,24975.82,25222.14,24918.09
FALSE,-0.0215,7/23/2026,25690.9,25137.69,25358.28,24954.77
FALSE,-0.0057,7/22/2026,25837.21,25690.9,25841.31,25681.32
TRUE,0.0129,7/21/2026,25508.07,25837.21,25880.34,25672.83
FALSE,-0.0005,7/20/2026,25520.24,25508.07,25815.6,25501.1
FALSE,-0.014,7/17/2026,25881.95,25520.24,25703.01,25250.63
FALSE,-0.0147,7/16/2026,26269.23,25881.95,26165.37,25765.45
TRUE,0.0062,7/15/2026,26107.01,26269.23,26316.81,26041.13
TRUE,0.009,7/14/2026,25873.18,26107.01,26168.8,25912.4
FALSE,-0.0155,7/13/2026,26281.61,25873.18,26139.37,25822.09
TRUE,0.0029,7/10/2026,26206.89,26281.61,26301.54,26009.49
TRUE,0.013,7/9/2026,25870.65,26206.89,26215.82,25825.85
TRUE,0.002,7/8/2026,25818.69,25870.65,25896.07,25526.46
FALSE,-0.0116,7/7/2026,26121.16,25818.69,26010.02,25684.15
TRUE,0.0112,7/6/2026,25832.67,26121.16,26209.76,25963.44
FALSE,-0.008,7/2/2026,26040.03,25832.67,26261.09,25630.51
FALSE,-0.0066,7/1/2026,26213.72,26040.03,26238.06,25954.46
TRUE,0.0152,6/30/2026,25820.14,26213.72,26253.04,25808.06
TRUE,0.0207,6/29/2026,25297.62,25820.14,25834.35,25289.76
FALSE,-0.0024,6/26/2026,25358.6,25297.62,25491.37,25014.96
FALSE,-0.0046,6/25/2026,25476.64,25358.6,25724.78,25123.43
FALSE,-0.0043,6/24/2026,25587.04,25476.64,25840.56,25354.66
FALSE,-0.0221,6/23/2026,26166.6,25587.04,25882.57,25513.26
FALSE,-0.0132,6/22/2026,26517.93,26166.6,26561.12,26125.48
TRUE,0.0191,6/18/2026,26021.66,26517.93,26559.74,26188.69
FALSE,-0.0178,6/17/2026,26493.82,26021.66,26511.55,25960.41
FALSE,-0.0103,6/16/2026,26649.97,26376.34,26788.62,26369.39
TRUE,0.009,6/15/2026,26447.23,26683.94,26687.56,26438.77
TRUE,0.0041,6/12/2026,25783.36,25888.84,26010.31,25599.94
TRUE,0.0198,6/11/2026,25309.78,25809.66,25846.56,25109.39
FALSE,-0.0134,6/10/2026,25512.07,25169.5,25726,25145.3
FALSE,-0.0165,6/9/2026,26110.31,25678.82,26259.92,24980.38
FALSE,-0.0052,6/8/2026,26065.07,25929.66,26179.65,25872.68
FALSE,-0.0312,6/5/2026,26536.59,25709.43,26572.25,25648.47
TRUE,0.0095,6/4/2026,26579.3,26830.96,26923.7,26554.24
FALSE,-0.0088,6/3/2026,27092.84,26853.98,27130.88,26769.16
TRUE,0.0024,6/2/2026,27030.07,27093.9,27171.29,26932.77
TRUE,0.005,6/1/2026,26952.58,27086.81,27190.21,26913.12
TRUE,0.0004,5/29/2026,26960.84,26972.62,27094.8,26859.26
TRUE,0.0087,5/28/2026,26686.53,26917.47,26934.84,26588.52
FALSE,-0.0008,5/27/2026,26695.44,26674.73,26715.31,26538.31
TRUE,0.0025,5/26/2026,26590.5,26656.18,26725.29,26520.3
FALSE,-0.0014,5/22/2026,26381.56,26343.97,26504.55,26309.8
TRUE,0.0057,5/21/2026,26143.62,26293.1,26403.57,26039.37
TRUE,0.0107,5/20/2026,25991.51,26270.36,26273.76,25928.33
FALSE,-0.002,5/19/2026,25923.49,25870.71,26050.29,25701.44
FALSE,-0.0076,5/18/2026,26289.49,26090.73,26310.84,25867.3
FALSE,-0.0024,5/15/2026,26288.92,26225.14,26460.76,26097.54
TRUE,0.0079,5/14/2026,26425.47,26635.22,26707.14,26423.21
TRUE,0.0097,5/13/2026,26147.65,26402.34,26474.18,25990.16
FALSE,0,5/12/2026,26087.01,26088.2,26190.48,25739.22
TRUE,0.0053,5/11/2026,26135.63,26274.13,26359.31,26129.83
TRUE,0.0111,5/8/2026,25958.12,26247.08,26248.62,25944.78
FALSE,-0.0029,5/7/2026,25881.3,25806.2,26036.38,25713.65
TRUE,0.0135,5/6/2026,25495.17,25838.94,25850.19,25464.44
TRUE,0.0027,5/5/2026,25258.88,25326.13,25361.05,25217.16
FALSE,-0.0018,5/4/2026,25112.18,25067.8,25210.47,24913.12
TRUE,0.0055,5/1/2026,24977.79,25114.44,25223.12,24967.09
TRUE,0.0013,4/30/2026,24859.94,24892.31,24935.59,24491.83
TRUE,0.0027,4/29/2026,24606.53,24673.24,24724.11,24532.7
TRUE,0.0022,4/28/2026,24609.57,24663.8,24724.7,24524.23
TRUE,0.0035,4/27/2026,24799.64,24887.1,24899.37,24694.82
TRUE,0.0089,4/24/2026,24616.56,24836.6,24854.04,24524.37
FALSE,-0.0047,4/23/2026,24553.75,24438.5,24664.87,24209.74
TRUE,0.008,4/22/2026,24462.31,24657.57,24660.11,24421.4
FALSE,-0.0084,4/21/2026,24465.34,24259.96,24537.58,24199
FALSE,-0.0005,4/20/2026,24417.53,24404.39,24435.92,24221.53
TRUE,0.0054,4/17/2026,24338.01,24468.48,24519.51,24286.47
TRUE,0.0017,4/16/2026,24062.45,24102.7,24156.18,23894.91
TRUE,0.0138,4/15/2026,23688.12,24016.02,24026.56,23672.26
TRUE,0.0132,4/14/2026,23331.5,23639.08,23639.08,23331.5
TRUE,0.0146,4/13/2026,22849.23,23183.74,23187.96,22795.82
FALSE,-0.0005,4/10/2026,22913.91,22902.89,23011.77,22845.06
TRUE,0.0078,4/9/2026,22646.35,22822.42,22836.75,22529.21
FALSE,-0.0082,4/8/2026,22821.21,22634.99,22821.21,22501.28
TRUE,0.0041,4/7/2026,21927.09,22017.85,22024.9,21611
TRUE,0.0026,4/6/2026,21939.8,21996.34,22052.41,21864.5
TRUE,0.0189,4/2/2026,21472.52,21879.18,21906.48,21371.32
TRUE,0.0045,4/1/2026,21742.8,21840.95,21983.07,21723.72
TRUE,0.025,3/31/2026,21064.33,21590.63,21642.62,21063.38
FALSE,-0.0143,3/30/2026,21096.24,20794.64,21139.72,20690.25
FALSE,-0.0159,3/27/2026,21287.19,20948.36,21293.5,20909.93
FALSE,-0.0131,3/26/2026,21693.17,21408.08,21823.58,21395.77
FALSE,-0.0035,3/25/2026,22006.43,21929.83,22093.18,21865.46
FALSE,-0.0021,3/24/2026,21807.6,21761.89,21916.16,21712.04
FALSE,-0.0022,3/23/2026,21995.78,21946.76,22189.34,21865.8
FALSE,-0.0155,3/20/2026,21989.33,21647.61,21997.09,21522.75
TRUE,0.01,3/19/2026,21871.04,22090.69,22187.06,21851.05
FALSE,-0.012,3/18/2026,22421.96,22152.42,22461.76,22144.76
TRUE,0.001,3/17/2026,22458.03,22479.53,22569.64,22409.07
TRUE,0.0015,3/16/2026,22340.39,22374.18,22521.59,22316.63
FALSE,-0.0143,3/13/2026,22425.7,22105.36,22521.38,22069.24
FALSE,-0.0095,3/12/2026,22526.58,22311.98,22550.75,22290.48
FALSE,-0.0024,3/11/2026,22771.27,22716.13,22877.71,22602.33
FALSE,-0.0011,3/10/2026,22722.94,22697.1,22906.72,22608.23
TRUE,0.0231,3/9/2026,22184.05,22695.95,22741.03,22061.97
FALSE,-0.0015,3/6/2026,22421.17,22387.68,22614.41,22328.13
TRUE,0.0008,3/5/2026,22729.88,22748.99,22877.02,22500.29
TRUE,0.0082,3/4/2026,22620.89,22807.48,22891.88,22570.67
TRUE,0.0101,3/3/2026,22292.37,22516.69,22601.59,22124.78
TRUE,0.0191,3/2/2026,22322.12,22748.86,22802.8,22306.08
TRUE,0.0023,2/27/2026,22615.43,22668.21,22735.78,22538.3
FALSE,-0.0096,2/26/2026,23100.58,22878.38,23109.46,22670.8
TRUE,0.0064,2/25/2026,23005.01,23152.08,23169.68,23004.69
TRUE,0.0098,2/24/2026,22641.6,22863.68,22895.48,22528.26
FALSE,-0.0094,2/23/2026,22840.97,22627.27,22893.22,22547.12
TRUE,0.0153,2/20/2026,22542.28,22886.07,22948.87,22539.05
TRUE,0.0019,2/19/2026,22639.87,22682.73,22768.83,22583.61
TRUE,0.0055,2/18/2026,22629.85,22753.63,22895.95,22597.77
TRUE,0.0082,2/17/2026,22394.76,22578.38,22690.83,22256.76
FALSE,-0.0007,2/13/2026,22561.46,22546.67,22742.06,22402.38
FALSE,-0.0236,2/12/2026,23142.87,22597.15,23161.6,22548.02
FALSE,-0.0091,2/11/2026,23278.29,23066.47,23320.62,22902.01
FALSE,-0.0073,2/10/2026,23271.22,23102.47,23310.73,23089.1
TRUE,0.0125,2/9/2026,22952.24,23238.67,23314.67,22878.37
TRUE,0.0179,2/6/2026,22625.3,23031.21,23088.46,22586.4
FALSE,-0.0028,2/5/2026,22604.02,22540.59,22841.28,22461.14
FALSE,-0.0135,2/4/2026,23217.02,22904.58,23270.07,22684.51
FALSE,-0.0174,2/3/2026,23667.44,23255.19,23691.6,23027.21
TRUE,0.0095,2/2/2026,23370.55,23592.11,23686.83,23356.4
FALSE,-0.005,1/30/2026,23578.96,23461.82,23662.25,23351.55
FALSE,-0.0061,1/29/2026,23830.92,23685.12,23840.55,23232.78
FALSE,-0.0045,1/28/2026,23965.11,23857.45,23988.26,23775.49
TRUE,0.0035,1/27/2026,23734.75,23817.1,23865.26,23694.38
TRUE,0.0031,1/26/2026,23529.28,23601.36,23688.94,23486.08
TRUE,0.0026,1/23/2026,23440.92,23501.24,23610.74,23374.26
FALSE,-0.0002,1/22/2026,23440.71,23436.02,23503.16,23335.15
TRUE,0.009,1/21/2026,23017.68,23224.82,23383.24,22927.88
FALSE,-0.0081,1/20/2026,23142.69,22954.32,23236.05,22916.83
FALSE,-0.0053,1/16/2026,23639.69,23515.39,23664.26,23446.81
FALSE,-0.0069,1/15/2026,23693.97,23530.02,23721.11,23502.18
FALSE,-0.0039,1/14/2026,23563.92,23471.75,23590.19,23306.66
FALSE,-0.0011,1/13/2026,23735.12,23709.87,23813.3,23607.59
TRUE,0.0067,1/12/2026,23576.88,23733.9,23804.05,23562.97
TRUE,0.0075,1/9/2026,23496.21,23671.35,23721.15,23426.48
FALSE,-0.0029,1/8/2026,23548.88,23480.02,23558.17,23353.46
TRUE,0.0017,1/7/2026,23544.89,23584.27,23723.37,23504.22
TRUE,0.0043,1/6/2026,23446.96,23547.17,23559.15,23389.57
FALSE,-0.0023,1/5/2026,23449.67,23395.82,23476.51,23332.23
FALSE,-0.0105,1/2/2026,23481.49,23235.63,23585.96,23119.49
FALSE,-0.0076,12/31/2025,23420.85,23241.99,23445.26,23237.78
FALSE,-0.002,12/30/2025,23465.67,23419.08,23521.05,23414.83
TRUE,0.0025,12/29/2025,23414.68,23474.35,23531.02,23397.52
FALSE,-0.0022,12/26/2025,23645.91,23593.1,23665.15,23567.85
TRUE,0.0024,12/24/2025,23555.95,23613.31,23621.72,23527.97
TRUE,0.0066,12/23/2025,23407.7,23561.84,23563.46,23377.49
FALSE,-0.0009,12/22/2025,23450.53,23428.83,23476.5,23362.93
TRUE,0.008,12/19/2025,23121.9,23307.62,23307.91,23106.19
FALSE,-0.0002,12/18/2025,23012.06,23006.36,23149.61,22906.23
FALSE,-0.0191,12/17/2025,23135.61,22693.32,23159.2,22692
TRUE,0.0056,12/16/2025,22981.82,23111.46,23162.6,22920.66
FALSE,-0.0117,12/15/2025,23330.04,23057.41,23345.56,23012
FALSE,-0.0125,12/12/2025,23488.87,23195.17,23554.89,23094.51
TRUE,0.0036,12/11/2025,23509.22,23593.86,23606.7,23308.95
TRUE,0.005,12/10/2025,23536,23654.16,23704.08,23435.17
TRUE,0.0031,12/9/2025,23504.61,23576.49,23616.46,23449.73
FALSE,-0.0039,12/8/2025,23638.22,23545.9,23698.93,23455.05
TRUE,0.0004,12/5/2025,23567.77,23578.13,23680.03,23506
FALSE,-0.0009,12/4/2025,23527.3,23505.14,23528.53,23372.33
TRUE,0.0059,12/3/2025,23315.58,23454.09,23499.93,23271.83
TRUE,0.0015,12/2/2025,23379.75,23413.67,23526.23,23286.46
TRUE,0.0045,12/1/2025,23172.34,23275.92,23363.85,23110.21
TRUE,0.0032,11/28/2025,23291.59,23365.69,23365.79,23250.51
TRUE,0.0022,11/26/2025,23163.19,23214.69,23280.58,23074.39
TRUE,0.0098,11/25/2025,22802.85,23025.59,23070.09,22587.11
TRUE,0.0173,11/24/2025,22482.16,22872.01,22916.4,22478.27
TRUE,0.005,11/21/2025,22162.83,22273.08,22531.84,21898.29
FALSE,-0.0425,11/20/2025,23057,22078.05,23147.33,22043.2
TRUE,0.0047,11/19/2025,22459.27,22564.23,22821.24,22385.22
FALSE,-0.0059,11/18/2025,22565.9,22432.85,22643.01,22231.15
FALSE,-0.0035,11/17/2025,22788.32,22708.07,23044.55,22559.51
TRUE,0.0158,11/14/2025,22544.72,22900.59,23073.18,22436.79
FALSE,-0.0169,11/13/2025,23262.65,22870.35,23264.27,22796.07
FALSE,-0.0067,11/12/2025,23563.84,23406.46,23564.09,23278.3
TRUE,0.0026,11/11/2025,23407.72,23468.3,23508.44,23315.28
TRUE,0.0074,11/10/2025,23354.85,23527.17,23569.62,23290.05
TRUE,0.0049,11/7/2025,22892.92,23004.54,23009.91,22563.42
FALSE,-0.0174,11/6/2025,23461.29,23053.99,23469.55,23011.06
TRUE,0.0061,11/5/2025,23358.07,23499.8,23636.53,23286.87
FALSE,-0.0047,11/4/2025,23458.21,23348.64,23644.15,23333.32
FALSE,-0.0049,11/3/2025,23951.91,23834.72,23976.84,23764.87
FALSE,-0.0091,10/31/2025,23941.78,23724.96,23946.23,23628.82
FALSE,-0.0089,10/30/2025,23793.08,23581.14,23846.13,23578.47
FALSE,-0.0012,10/29/2025,23987.29,23958.47,24019.99,23763.99
TRUE,0.0026,10/28/2025,23766.46,23827.49,23901.36,23675.19
TRUE,0.0043,10/27/2025,23537.32,23637.46,23658.66,23493.96
TRUE,0.0027,10/24/2025,23143.23,23204.87,23261.26,23127.95
TRUE,0.0084,10/23/2025,22751.33,22941.8,22983.46,22732.18
FALSE,-0.0087,10/22/2025,22940.79,22740.4,22978.4,22514.08
FALSE,-0.0013,10/21/2025,22984.55,22953.67,23010.35,22894.42
TRUE,0.0064,10/20/2025,22844.82,22990.54,23031.87,22841
TRUE,0.0085,10/17/2025,22489.81,22679.97,22736.01,22396.65
FALSE,-0.0089,10/16/2025,22764.4,22562.54,22886.87,22404.69
FALSE,-0.003,10/15/2025,22738.5,22670.08,22841.69,22427.79
TRUE,0.006,10/14/2025,22388.04,22521.7,22691.07,22213.73
TRUE,0.0051,10/13/2025,22578.67,22694.61,22718.75,22499.49
FALSE,-0.0364,10/10/2025,23043.52,22204.43,23119.91,22193.07
FALSE,-0.0009,10/9/2025,23045.33,23024.63,23062.62,22899.16
TRUE,0.0084,10/8/2025,22852.32,23043.38,23045.14,22845.42
FALSE,-0.008,10/7/2025,22972.37,22788.36,23006.07,22718.76
TRUE,0.0021,10/6/2025,22894.35,22941.67,22991.72,22827.56
FALSE,-0.0046,10/3/2025,22886.16,22780.51,22925.43,22695.82
FALSE,-0.0018,10/2/2025,22885.9,22844.05,22900.6,22729.75
TRUE,0.01,10/1/2025,22530.95,22755.16,22782.58,22516.74
TRUE,0.0035,9/30/2025,22580.36,22660.01,22671.39,22493.96
FALSE,-0.0006,9/29/2025,22605.3,22591.15,22704.9,22536.06
TRUE,0.0036,9/26/2025,22403.27,22484.07,22488.18,22285.44
TRUE,0.003,9/25/2025,22318.77,22384.7,22456.78,22185.87
FALSE,-0.007,9/24/2025,22656.02,22497.85,22657.45,22397
FALSE,-0.0092,9/23/2025,22782.72,22573.47,22785.13,22539.04
TRUE,0.0081,9/22/2025,22606.59,22788.98,22801.9,22590.86
TRUE,0.0034,9/19/2025,22554.32,22631.48,22645.11,22497.71
TRUE,0.0014,9/18/2025,22439.11,22470.73,22540.93,22358.49
FALSE,-0.0032,9/17/2025,22333.02,22261.33,22339.54,22058.92
FALSE,-0.0028,9/16/2025,22397.5,22333.96,22397.5,22308.78
TRUE,0.0047,9/15/2025,22243.2,22348.75,22352.25,22233
TRUE,0.0028,9/12/2025,22078.63,22141.1,22182.34,22031.62
TRUE,0.003,9/11/2025,21977.51,22043.07,22059.71,21908.81
FALSE,-0.0043,9/10/2025,21980.6,21886.06,22000.97,21810.84
TRUE,0.001,9/9/2025,21858.17,21879.49,21891.42,21731.48
FALSE,-0.0003,9/8/2025,21806.22,21798.7,21885.62,21776.24
FALSE,-0.0073,9/5/2025,21860.44,21700.39,21878.81,21534.73
TRUE,0.0078,9/4/2025,21539.91,21707.69,21711.96,21469.4
TRUE,0.0017,9/3/2025,21461.63,21497.73,21553.98,21370.98
TRUE,0.0092,9/2/2025,21086.58,21279.63,21293.69,21033.05
FALSE,-0.0081,8/29/2025,21630.33,21455.55,21631.15,21397.98
TRUE,0.004,8/28/2025,21619.27,21705.16,21742.46,21534.94
TRUE,0.003,8/27/2025,21526.33,21590.14,21616.17,21476.3
TRUE,0.0047,8/26/2025,21443.63,21544.27,21550.92,21389.1
FALSE,-0.0008,8/25/2025,21466.47,21449.29,21572.18,21400.08
TRUE,0.0169,8/22/2025,21139.83,21496.53,21545.43,21092.35
FALSE,-0.0006,8/21/2025,21112.52,21100.31,21198.76,21013.53
FALSE,-0.0046,8/20/2025,21269.67,21172.86,21269.67,20905.99
FALSE,-0.0135,8/19/2025,21607.45,21314.95,21610.24,21277.71
TRUE,0.0006,8/18/2025,21616.82,21629.77,21651.5,21559.33
FALSE,-0.004,8/15/2025,21709.34,21622.98,21716.18,21567.46
TRUE,0.0028,8/14/2025,21649.21,21710.67,21766.29,21627.13
FALSE,-0.0024,8/13/2025,21764.55,21713.14,21803.75,21645.14
TRUE,0.0081,8/12/2025,21507.44,21681.9,21689.68,21386.25
FALSE,-0.0035,8/11/2025,21459.65,21385.4,21549.73,21346.62
TRUE,0.0063,8/8/2025,21316.37,21450.02,21464.53,21284.97
FALSE,-0.0039,8/7/2025,21325.01,21242.7,21408.15,21090.05
TRUE,0.0102,8/6/2025,20955.22,21169.42,21183.88,20937.49
FALSE,-0.0083,8/5/2025,21092.1,20916.55,21138.72,20893.29
TRUE,0.0096,8/4/2025,20853.91,21053.58,21055.24,20833.86
FALSE,-0.0087,8/1/2025,20830.64,20650.13,20865.63,20560.17
FALSE,-0.0156,7/31/2025,21457.48,21122.45,21457.48,21078.67
FALSE,-0.0005,7/30/2025,21140.4,21129.67,21230.88,21016.92
FALSE,-0.0089,7/29/2025,21286.73,21098.29,21303.96,21081.69
TRUE,0.0001,7/28/2025,21176.4,21178.58,21202.18,21122.12
TRUE,0.0023,7/25/2025,21059.94,21108.32,21159.8,21036.85
FALSE,-0.0012,7/24/2025,21083.82,21057.96,21113.1,21001.68
TRUE,0.0026,7/23/2025,20966.47,21020.02,21023.85,20870.67
FALSE,-0.0043,7/22/2025,20982.21,20892.68,20985.34,20750.9
TRUE,0.0007,7/21/2025,20960.33,20974.17,21077.37,20957.44
FALSE,-0.003,7/18/2025,20959.57,20895.66,20980.56,20846.12
TRUE,0.006,7/17/2025,20760.32,20885.65,20911.83,20735.55
TRUE,0.0006,7/16/2025,20717.81,20730.49,20751.05,20507.06
FALSE,-0.007,7/15/2025,20822.76,20677.8,20836.04,20670.58
TRUE,0.0023,7/14/2025,20592.56,20640.33,20672.34,20492.63
TRUE,0.0011,7/11/2025,20562.88,20585.53,20647.98,20509.75
FALSE,-0.0003,7/10/2025,20636.48,20630.66,20655.39,20495.14
TRUE,0.0043,7/9/2025,20522.09,20611.34,20645.41,20486.38
FALSE,-0.0024,7/8/2025,20466.93,20418.46,20480.89,20377.35
FALSE,-0.0038,7/7/2025,20490.55,20412.52,20511.82,20323.02
TRUE,0.005,7/3/2025,20497.66,20601.1,20624.51,20480.22
TRUE,0.0103,7/2/2025,20184.37,20393.13,20397.22,20181.74
FALSE,-0.0043,7/1/2025,20290.61,20202.89,20339.05,20105.42
TRUE,0.0005,6/30/2025,20360.15,20369.73,20418.31,20266.36
TRUE,0.0028,6/27/2025,20217.26,20273.46,20311.51,20095.05
TRUE,0.0053,6/26/2025,20062.19,20167.91,20187.15,19982.48
FALSE,-0.002,6/25/2025,20013.95,19973.55,20052.78,19918.08
TRUE,0.0052,6/24/2025,19809.61,19912.53,19946.72,19795.29
TRUE,0.0105,6/23/2025,19427.01,19630.97,19643.7,19334.98
FALSE,-0.0098,6/20/2025,19639.41,19447.41,19696.11,19380.58
TRUE,0.001,6/18/2025,19526.92,19546.27,19660.77,19489.56
FALSE,-0.0054,6/17/2025,19627.08,19521.09,19666.56,19485.44
TRUE,0.0077,6/16/2025,19550.75,19701.21,19733.31,19550.75
FALSE,-0.0023,6/13/2025,19450.92,19406.83,19591.87,19367.42
TRUE,0.0043,6/12/2025,19578.87,19662.48,19690.61,19553.56
FALSE,-0.0083,6/11/2025,19779.35,19615.88,19800.46,19551.34
TRUE,0.0048,6/10/2025,19620.11,19714.99,19730.38,19539.09
TRUE,0.0009,6/9/2025,19573.14,19591.24,19637.56,19531.1
TRUE,0.0002,6/6/2025,19526.99,19529.95,19593.18,19464.84
FALSE,-0.0113,6/5/2025,19518.2,19298.45,19610.51,19226.22
TRUE,0.0013,6/4/2025,19434.94,19460.49,19493.45,19359.09
TRUE,0.0057,6/3/2025,19288.66,19398.96,19459.28,19224.7
TRUE,0.0094,6/2/2025,19063.06,19242.61,19252.71,18985.3
FALSE,-0.0009,5/30/2025,19131.22,19113.77,19157.78,18847.74
FALSE,-0.011,5/29/2025,19389.39,19175.87,19389.39,19091.54
FALSE,-0.0068,5/28/2025,19232.62,19100.94,19276.83,19084.38
TRUE,0.0097,5/27/2025,19014.44,19199.16,19210.95,18961.69
TRUE,0.0062,5/23/2025,18622.38,18737.21,18841.52,18599.69
TRUE,0.002,5/22/2025,18888.05,18925.73,19061.11,18840.34
FALSE,-0.0069,5/21/2025,19002.94,18872.64,19241.41,18799.2
TRUE,0.0006,5/20/2025,19132.06,19142.71,19186.68,19015.63
TRUE,0.0147,5/19/2025,18937.42,19215.46,19227.22,18937.42
TRUE,0.0031,5/16/2025,19151.54,19211.1,19213.42,19038.48
TRUE,0.0043,5/15/2025,19031.24,19112.32,19207.22,18967.78
TRUE,0.0038,5/14/2025,19074.72,19146.81,19174.55,19023.61
TRUE,0.0133,5/13/2025,18761.23,19010.08,19065.96,18745.5
TRUE,0.0018,5/12/2025,18674.55,18708.34,18710.22,18472.71
FALSE,-0.0052,5/9/2025,18022.55,17928.92,18068.9,17853.84
TRUE,0.0004,5/8/2025,17920.15,17928.14,18096,17776
TRUE,0.0018,5/7/2025,17706.83,17738.16,17820.3,17503.01
TRUE,0.0038,5/6/2025,17623.21,17689.66,17830.35,17592.88
TRUE,0.0015,5/5/2025,17817.01,17844.24,17965.64,17792.08
TRUE,0.0061,5/2/2025,17868.76,17977.73,18048.83,17812.05
FALSE,-0.0046,5/1/2025,17793.14,17710.74,17922.83,17688.1
TRUE,0.0203,4/30/2025,17099.98,17446.34,17483.82,16959.53
TRUE,0.011,4/29/2025,17270.76,17461.32,17500.41,17256.2
FALSE,-0.0014,4/28/2025,17390.93,17366.13,17467.35,17128.71
TRUE,0.0117,4/25/2025,17182.11,17382.94,17404.49,17110.72
TRUE,0.0245,4/24/2025,16754.76,17166.04,17174.35,16744.97
FALSE,-0.0102,4/23/2025,16880.29,16708.05,17029.86,16642.66
TRUE,0.0137,4/22/2025,16079.94,16300.42,16410.56,16038.73
FALSE,-0.0113,4/21/2025,16052.76,15870.9,16066.79,15685.33
FALSE,-0.0069,4/17/2025,16399.97,16286.45,16408.51,16181.17
FALSE,-0.0117,4/16/2025,16499.69,16307.16,16600.36,16066.46
FALSE,-0.0011,4/15/2025,16842.39,16823.17,16979.96,16753.22
FALSE,-0.0169,4/14/2025,17120.44,16831.48,17136.55,16661.26
TRUE,0.0224,4/11/2025,16358.53,16724.46,16753.41,16228.04
FALSE,-0.0149,4/10/2025,16635.45,16387.31,16712.37,15894.26
TRUE,0.1196,4/9/2025,15295.44,17124.97,17202.94,15270.28
FALSE,-0.0564,4/8/2025,16181.04,15267.91,16316.51,15053.39
TRUE,0.0417,4/7/2025,14978.03,15603.26,16292.28,14784.03
FALSE,-0.0285,4/4/2025,16045.6,15587.79,16128.16,15575.68
FALSE,-0.0143,4/3/2025,16790.53,16550.61,16889.34,16533.04
TRUE,0.0229,4/2/2025,17207.01,17601.05,17716.52,17181.27
TRUE,0.0133,4/1/2025,17221.55,17449.89,17506.58,17149.36
TRUE,0.0149,3/31/2025,17045.44,17299.29,17334.98,16854.37
FALSE,-0.0225,3/28/2025,17722.09,17322.99,17763.28,17283.06
FALSE,-0.0004,3/27/2025,17811.24,17804.03,17988.02,17743.8
FALSE,-0.0175,3/26/2025,18217.33,17899.01,18236.55,17837.26
TRUE,0.0035,3/25/2025,18207.97,18271.86,18281.13,18170.42
TRUE,0.0079,3/24/2025,18046.18,18188.59,18210.05,18030.68
TRUE,0.0151,3/21/2025,17519.84,17784.05,17798.06,17474.81
TRUE,0.006,3/20/2025,17586.06,17691.63,17903.2,17576.82
TRUE,0.0091,3/19/2025,17590.12,17750.79,17917.54,17533.94
FALSE,-0.009,3/18/2025,17662.57,17504.12,17682.92,17431.67
TRUE,0.0049,3/17/2025,17722.55,17808.66,17925.94,17645.87
TRUE,0.0132,3/14/2025,17523.3,17754.09,17773.48,17491.08
FALSE,-0.0168,3/13/2025,17598.56,17303.01,17621.91,17239.44
FALSE,-0.0036,3/12/2025,17711.41,17648.45,17800.1,17436.27
FALSE,-0.0004,3/11/2025,17443.09,17436.1,17687.4,17238.24
FALSE,-0.0209,3/10/2025,17840.32,17468.32,17868.07,17291.82
TRUE,0.0092,3/7/2025,18029.85,18196.22,18243.58,17768.59
FALSE,-0.0074,3/6/2025,18204.53,18069.26,18439.24,17980.39
TRUE,0.0131,3/5/2025,18312.97,18552.73,18604.47,18144.73
TRUE,0.006,3/4/2025,18176.43,18285.16,18589.49,17956.6
FALSE,-0.0303,3/3/2025,18923.36,18350.19,18992.3,18216.63
TRUE,0.02,2/28/2025,18477.17,18847.28,18861.33,18372.99
FALSE,-0.0348,2/27/2025,19212.36,18544.42,19242.69,18535.22
FALSE,-0.0018,2/26/2025,19109.32,19075.26,19286.02,18966.45
FALSE,-0.0112,2/25/2025,19242.61,19026.39,19256.35,18871.52
FALSE,-0.0155,2/24/2025,19590.85,19286.92,19644.23,19275.46
FALSE,-0.0241,2/21/2025,20006.69,19524.01,20016.66,19510.91
FALSE,-0.0033,2/20/2025,20029.19,19962.36,20041.15,19795.02
TRUE,0.0031,2/19/2025,19994.5,20056.25,20099.39,19928.89
FALSE,-0.0025,2/18/2025,20090.55,20041.26,20110.11,19909.74
TRUE,0.0035,2/14/2025,19956.82,20026.77,20045.76,19932.15
TRUE,0.0126,2/13/2025,19696.92,19945.64,19952.17,19675.87
TRUE,0.011,2/12/2025,19436.51,19649.95,19682.51,19415.48
TRUE,0.0021,2/11/2025,19602.11,19643.86,19731.93,19579.77
TRUE,0.0023,2/10/2025,19668.18,19714.27,19772.04,19650.79
FALSE,-0.0127,2/7/2025,19774.87,19523.4,19862.55,19489.36
TRUE,0.0034,2/6/2025,19725.83,19791.99,19793.36,19654.11
TRUE,0.0082,2/5/2025,19533.05,19692.33,19696.94,19498.9
TRUE,0.0119,2/4/2025,19422.17,19654.01,19666.44,19408.18
TRUE,0.0092,2/3/2025,19215.37,19391.96,19502.13,19141.15
FALSE,-0.0103,1/31/2025,19832.33,19627.44,19969.17,19575.21
FALSE,-0.0008,1/30/2025,19697.52,19681.75,19785.79,19483.83
FALSE,-0.0032,1/29/2025,19695.68,19632.32,19699.82,19479.51
TRUE,0.0162,1/28/2025,19418.22,19733.59,19759.43,19294.62
TRUE,0.0056,1/27/2025,19234.04,19341.83,19514.35,19204.95
FALSE,-0.0066,1/24/2025,20087.1,19954.3,20118.61,19897.13
TRUE,0.0074,1/23/2025,19906.99,20053.68,20053.68,19892.55
TRUE,0.0053,1/22/2025,19903.05,20009.34,20068.52,19903.05
TRUE,0.0011,1/21/2025,19734.39,19756.78,19789.62,19551.17
FALSE,-0.0013,1/17/2025,19655.55,19630.2,19709.64,19543.32
FALSE,-0.012,1/16/2025,19573.87,19338.29,19579.85,19335.68
TRUE,0.0083,1/15/2025,19350.31,19511.23,19548.9,19299.32
FALSE,-0.0085,1/14/2025,19207.75,19044.39,19273.14,18926.6
TRUE,0.0098,1/13/2025,18903.66,19088.1,19099.97,18831.91
FALSE,-0.0078,1/10/2025,19312.26,19161.63,19315.11,19018.75
TRUE,0.0005,1/8/2025,19469.36,19478.88,19544.5,19308.54
FALSE,-0.0225,1/7/2025,19938.08,19489.68,19940.21,19421.02
TRUE,0.0007,1/6/2025,19851.99,19864.98,20007.95,19784.99
TRUE,0.0117,1/3/2025,19395.51,19621.68,19638.66,19379.57
FALSE,-0.0063,1/2/2025,19403.9,19280.79,19517.87,19117.59
FALSE,-0.0123,12/31/2024,19551.36,19310.79,19563.72,19283.41
TRUE,0.0014,12/30/2024,19460.41,19486.78,19622.93,19342.51
FALSE,-0.0088,12/27/2024,19896.77,19722.03,19904.77,19553.4
TRUE,0.0021,12/26/2024,19979.25,20020.36,20070.08,19888.11
TRUE,0.0107,12/24/2024,19818.48,20031.13,20031.13,19813.76
TRUE,0.0063,12/23/2024,19641.05,19764.89,19772.09,19504.68
TRUE,0.0199,12/20/2024,19190.04,19572.6,19758.61,19168.38
FALSE,-0.0099,12/19/2024,19565.66,19372.77,19623.02,19357.76
FALSE,-0.0359,12/18/2024,20114.98,19392.69,20179.77,19336.59
TRUE,0.0007,12/17/2024,20095.62,20109.06,20148.83,20004.73
TRUE,0.0079,12/16/2024,20016.12,20173.89,20204.58,19988.12
FALSE,-0.0034,12/13/2024,19995.18,19926.72,20061.65,19817.47
FALSE,-0.0022,12/12/2024,19947.34,19902.84,20018.24,19897.38
TRUE,0.0102,12/11/2024,19832.96,20034.89,20055.93,19830.64
FALSE,-0.0055,12/10/2024,19796.39,19687.24,19887.08,19641.34
FALSE,-0.0044,12/9/2024,19824.09,19736.69,19872.79,19698.05
TRUE,0.0059,12/6/2024,19743.96,19859.77,19863.14,19734.42
FALSE,-0.0028,12/5/2024,19756.4,19700.72,19790.03,19688.59
TRUE,0.0075,12/4/2024,19587.48,19735.12,19741.76,19575.4
TRUE,0.006,12/3/2024,19364.34,19480.91,19486.15,19340.41
TRUE,0.0077,12/2/2024,19255.42,19403.95,19436.92,19255.42
TRUE,0.0068,11/29/2024,19087.47,19218.17,19245.49,19066.52
FALSE,-0.0038,11/27/2024,19132.99,19060.48,19133.11,18937.2
TRUE,0.0035,11/26/2024,19109.08,19175.58,19184.4,19100.73
FALSE,-0.0045,11/25/2024,19140.59,19054.83,19208.68,18969.35
TRUE,0.002,11/22/2024,18966.32,19003.65,19025.77,18899.48
FALSE,-0.0053,11/21/2024,19072.78,18972.42,19110.89,18714.06
FALSE,-0.0003,11/20/2024,18971.31,18966.14,18974.91,18724.39
TRUE,0.0154,11/19/2024,18699.7,18987.47,18992.08,18689.83
TRUE,0.0039,11/18/2024,18717.93,18791.81,18865.28,18672.3
FALSE,-0.0132,11/15/2024,18929.92,18680.12,18936.75,18598.87
FALSE,-0.0077,11/14/2024,19256.09,19107.65,19275.8,19073.39
FALSE,-0.0029,11/13/2024,19286.46,19230.73,19358.48,19191.13
FALSE,-0.0004,11/12/2024,19289.81,19281.4,19343.05,19168.52
FALSE,-0.0029,11/11/2024,19355.34,19298.76,19366.07,19193.29
TRUE,0.0016,11/8/2024,19255.14,19286.78,19318.56,19224.43
TRUE,0.0097,11/7/2024,19084.43,19269.46,19301.7,19084.43
TRUE,0.0112,11/6/2024,18772.76,18983.47,19000.5,18730.21
TRUE,0.0103,11/5/2024,18250.71,18439.17,18449.67,18250.71
FALSE,-0.0022,11/4/2024,18220.43,18179.98,18308.3,18112.83
TRUE,0.0028,11/1/2024,18189.67,18239.92,18363.94,18181.53
FALSE,-0.018,10/31/2024,18427.31,18095.15,18427.31,18083.95
FALSE,-0.0066,10/30/2024,18731.69,18607.93,18785.49,18598.24
TRUE,0.0074,10/29/2024,18576.09,18712.75,18753.19,18509.59
FALSE,-0.0043,10/28/2024,18648.25,18567.19,18671.01,18563.02
TRUE,0.0003,10/25/2024,18512.58,18518.61,18690.01,18487.06
TRUE,0.0017,10/24/2024,18384.15,18415.49,18435.37,18305.42
FALSE,-0.0122,10/23/2024,18502.06,18276.65,18509.19,18146.61
TRUE,0.0066,10/22/2024,18451.86,18573.13,18620.71,18413.47
TRUE,0.0045,10/21/2024,18456.48,18540,18543.58,18377.62
TRUE,0.0013,10/18/2024,18466,18489.55,18524.33,18452.58
FALSE,-0.0088,10/17/2024,18537.21,18373.61,18541.46,18368.79
TRUE,0.0018,10/16/2024,18333.29,18367.08,18383.11,18214.96
FALSE,-0.0108,10/15/2024,18515.97,18315.59,18564.25,18252.52
TRUE,0.0041,10/14/2024,18426.66,18502.69,18547.92,18423.6
TRUE,0.0069,10/11/2024,18217.73,18342.94,18375.53,18208.44
TRUE,0.0045,10/10/2024,18200.62,18282.05,18333.39,18154.18
TRUE,0.0062,10/9/2024,18179.22,18291.62,18302.05,18133.02
TRUE,0.0092,10/8/2024,18017.93,18182.92,18203.04,17989.7
FALSE,-0.0086,10/7/2024,18080.11,17923.9,18096.33,17900.04
TRUE,0.0004,10/4/2024,18130.42,18137.85,18145.28,17952.3
TRUE,0.0033,10/3/2024,17859.49,17918.48,18011.25,17826.42
TRUE,0.0032,10/2/2024,17867.12,17925.12,17978.57,17767.79
FALSE,-0.0135,10/1/2024,18154.94,17910.36,18162.72,17779.77
TRUE,0.0066,9/30/2024,18069.83,18189.17,18198.16,17997.56
FALSE,-0.006,9/27/2024,18228.78,18119.59,18238.28,18069.18
FALSE,-0.0075,9/26/2024,18327.34,18190.29,18327.34,18071.74
TRUE,0.0018,9/25/2024,18050.36,18082.21,18155.03,18040.62
TRUE,0.0016,9/24/2024,18046.44,18074.52,18091.96,17863.38
FALSE,-0.0011,9/23/2024,17994.91,17974.27,18021.58,17936.37
FALSE,-0.0028,9/20/2024,17999.35,17948.32,18024.34,17835.64
TRUE,0.0018,9/19/2024,17980.89,18013.98,18099.93,17909.75
FALSE,-0.0051,9/18/2024,17663.38,17573.3,17832.7,17556.42
FALSE,-0.0045,9/17/2024,17707.02,17628.06,17781.74,17544.64
TRUE,0.001,9/16/2024,17573.7,17592.13,17618.4,17480.66
TRUE,0.0062,9/13/2024,17575.26,17683.98,17719.14,17564.61
TRUE,0.0089,9/12/2024,17413.89,17569.68,17605.72,17338.32
TRUE,0.0196,9/11/2024,17061.41,17395.53,17420.23,16787.84
FALSE,0,9/10/2024,17025.49,17025.88,17036.07,16801.13
TRUE,0.0029,9/9/2024,16835.67,16884.6,16923.28,16732.83
FALSE,-0.0261,9/6/2024,17137.62,16690.83,17166.54,16668.57
TRUE,0.0038,9/5/2024,17063.24,17127.66,17295.58,17035.07
TRUE,0.004,9/4/2024,17015.71,17084.3,17232.65,16984.67
FALSE,-0.0255,9/3/2024,17585.45,17136.3,17585.45,17057.79
TRUE,0.0036,8/30/2024,17650.49,17713.62,17720.37,17498.79
FALSE,-0.0053,8/29/2024,17610.57,17516.43,17789.21,17482.6
FALSE,-0.0103,8/28/2024,17738.8,17556.03,17759.94,17439.4
TRUE,0.0056,8/27/2024,17655.52,17754.82,17789.72,17573.37
FALSE,-0.008,8/26/2024,17867.85,17725.76,17909.09,17645.69
TRUE,0.0059,8/23/2024,17772.73,17877.79,17941.27,17700.27
FALSE,-0.0208,8/22/2024,17993.72,17619.35,18017.69,17589.15
TRUE,0.0044,8/21/2024,17840.51,17918.99,17963.07,17790.98
FALSE,-0.0018,8/20/2024,17849.09,17816.94,17932.53,17758.2
TRUE,0.0129,8/19/2024,17649.74,17876.77,17877.44,17585.58
TRUE,0.0066,8/16/2024,17516.4,17631.72,17674.65,17502.82
TRUE,0.0115,8/15/2024,17394.55,17594.5,17602.72,17375.41
FALSE,-0.002,8/14/2024,17227.64,17192.6,17260.73,17032.17
TRUE,0.0143,8/13/2024,16944.74,17187.61,17192.79,16943.95
FALSE,-0.0008,8/12/2024,16793.64,16780.61,16895.79,16699.39
TRUE,0.0065,8/9/2024,16636.52,16745.3,16789.22,16574.57
TRUE,0.0153,8/8/2024,16408.27,16660.02,16694.25,16262.93
FALSE,-0.0257,8/7/2024,16622.31,16195.81,16709.81,16179.53
TRUE,0.0065,8/6/2024,16261.36,16366.85,16620.31,16137.65
TRUE,0.031,8/5/2024,15712.53,16200.08,16453.46,15708.54
FALSE,-0.0003,8/2/2024,16780.45,16776.16,16920.63,16582.79
FALSE,-0.0257,8/1/2024,17647.03,17194.15,17791.58,17051.42
TRUE,0.0057,7/31/2024,17499.23,17599.4,17693.98,17438.6
FALSE,-0.0159,7/30/2024,17424.1,17147.42,17468.56,17015.38
FALSE,-0.0043,7/29/2024,17444.39,17370.2,17535.32,17299.83
TRUE,0.0015,7/26/2024,17331.95,17357.88,17454.57,17239.99
FALSE,-0.0098,7/25/2024,17352.64,17181.72,17544.46,17033.96
FALSE,-0.0221,7/24/2024,17733.91,17342.41,17747.06,17313.52
TRUE,0.0008,7/23/2024,17982.74,17997.35,18128.38,17968.1
TRUE,0.0047,7/22/2024,17923.65,18007.57,18040.99,17839.76
FALSE,-0.0061,7/19/2024,17835.59,17726.94,17935.14,17691.43
FALSE,-0.0137,7/18/2024,18119.15,17871.22,18130.87,17759.54
FALSE,-0.0105,7/17/2024,18188.19,17996.92,18223.24,17972.87
FALSE,-0.0013,7/16/2024,18534.27,18509.34,18576.83,18386.07
FALSE,-0.0007,7/15/2024,18485.91,18472.57,18641.53,18397.83
TRUE,0.0052,7/12/2024,18303.64,18398.45,18556.73,18293.6
FALSE,-0.0201,7/11/2024,18659.25,18283.41,18671.07,18238.78
TRUE,0.0073,7/10/2024,18512.09,18647.45,18655.19,18467.58
FALSE,-0.0019,7/9/2024,18465.02,18429.29,18511.89,18381.6
TRUE,0.0017,7/8/2024,18371.86,18403.74,18416.94,18342.6
TRUE,0.0084,7/5/2024,18200.6,18352.76,18366.31,18197.14
TRUE,0.0096,7/3/2024,18016.12,18188.3,18188.3,18016.12
TRUE,0.0124,7/2/2024,17808.04,18028.76,18031.29,17802.24
TRUE,0.0059,7/1/2024,17773.9,17879.3,17894.28,17657.64
FALSE,-0.0089,6/28/2024,17891.1,17732.6,18035,17723.83
TRUE,0.0036,6/27/2024,17793.95,17858.68,17892.78,17765.42
TRUE,0.0061,6/26/2024,17697.26,17805.16,17813.55,17687.07
TRUE,0.0083,6/25/2024,17572.16,17717.65,17734.34,17546.63
FALSE,-0.0081,6/24/2024,17640.26,17496.82,17730.12,17494.02
TRUE,0.0005,6/21/2024,17681.01,17689.36,17787.34,17620.57
FALSE,-0.0107,6/20/2024,17913.94,17721.59,17936.79,17650.69
TRUE,0.0003,6/18/2024,17856.76,17862.23,17890.52,17796.88
TRUE,0.009,6/17/2024,17697.3,17857.02,17935.99,17636.36
TRUE,0.0038,6/14/2024,17621.18,17688.88,17693.43,17590.8
FALSE,-0.0027,6/13/2024,17715.26,17667.56,17741.8,17566.32
TRUE,0.0061,6/12/2024,17502.15,17608.44,17725.39,17490.64
TRUE,0.0107,6/11/2024,17160.42,17343.55,17345.05,17107.99
TRUE,0.0064,6/10/2024,17083.45,17192.53,17213.45,17057.34
TRUE,0.0005,6/7/2024,17124.14,17133.13,17229.31,17090.04
FALSE,-0.0018,6/6/2024,17204.87,17173.12,17235.73,17123.59
TRUE,0.0126,6/5/2024,16974.48,17187.9,17187.92,16955.56
TRUE,0.002,6/4/2024,16823.88,16857.05,16891.87,16750.39
FALSE,-0.0022,6/3/2024,16865.7,16828.67,16909.89,16646.43
FALSE,-0.0022,5/31/2024,16771.9,16735.02,16789.27,16445.54
FALSE,-0.0084,5/30/2024,16878.63,16737.08,16900.46,16690.36
TRUE,0.0024,5/29/2024,16879.35,16920.58,16989.6,16873.97
TRUE,0.0019,5/28/2024,16988.31,17019.88,17032.66,16917.51
TRUE,0.008,5/24/2024,16786.79,16920.79,16947.8,16771.58
FALSE,-0.0153,5/23/2024,16996.39,16736.03,16996.39,16678.37
FALSE,-0.0022,5/22/2024,16839.02,16801.54,16855.27,16712.09
TRUE,0.0058,5/21/2024,16736.1,16832.62,16839.02,16719.97
TRUE,0.0056,5/20/2024,16702.02,16794.87,16823.83,16695.69
FALSE,-0.0013,5/17/2024,16708.49,16685.97,16726.41,16613.84
FALSE,-0.0024,5/16/2024,16738.11,16698.32,16797.83,16693.45
TRUE,0.0085,5/15/2024,16601.14,16742.39,16749.74,16544.09
TRUE,0.0073,5/14/2024,16391.16,16511.18,16526.27,16386.43
FALSE,-0.0007,5/13/2024,16400.31,16388.24,16407.05,16334.86
FALSE,-0.0029,5/10/2024,16389.02,16340.87,16437.39,16293.52
TRUE,0.0014,5/9/2024,16323.74,16346.26,16362.79,16241.98
TRUE,0.0047,5/8/2024,16226.07,16302.76,16341.65,16226.07
FALSE,-0.0016,5/7/2024,16358.34,16332.56,16397.39,16303.84
TRUE,0.0087,5/6/2024,16208.54,16349.25,16350.08,16197.86
TRUE,0.0005,5/3/2024,16147.48,16156.33,16204.71,16068.34
TRUE,0.0053,5/2/2024,15758.11,15840.96,15862.79,15604.73
FALSE,-0.0026,5/1/2024,15646.09,15605.48,15926.22,15557.64
FALSE,-0.0165,4/30/2024,15920.89,15657.82,15979.36,15655.67
FALSE,-0.0015,4/29/2024,16007,15983.08,16021.49,15885.89
TRUE,0.0067,4/26/2024,15821.34,15927.9,15981,15770.72
TRUE,0.0154,4/25/2024,15375.26,15611.76,15644.51,15343.91
FALSE,-0.0059,4/24/2024,15805.6,15712.75,15839,15634.44
TRUE,0.011,4/23/2024,15525.55,15696.64,15730.35,15510.58
TRUE,0.0036,4/22/2024,15396.13,15451.31,15539,15265.66
FALSE,-0.0171,4/19/2024,15547.1,15282.01,15576.7,15222.78
FALSE,-0.0066,4/18/2024,15705.69,15601.5,15786.12,15587.5
FALSE,-0.0162,4/17/2024,15942.29,15683.37,15957.03,15654.51
TRUE,0.0006,4/16/2024,15856.38,15865.25,15965.79,15822.02
FALSE,-0.0241,4/15/2024,16276.47,15885.02,16295.27,15863.88
FALSE,-0.0072,4/12/2024,16293.03,16175.09,16341.45,16125.33
TRUE,0.0127,4/11/2024,16236.2,16442.2,16464.6,16154.65
TRUE,0.0041,4/10/2024,16104.01,16170.36,16200.1,16092.02
FALSE,-0.0014,4/9/2024,16328.76,16306.64,16348.18,16141.15
FALSE,-0.0019,4/8/2024,16285.18,16253.96,16323.6,16220.72
TRUE,0.0095,4/5/2024,16095.4,16248.52,16326.5,16080.48
FALSE,-0.0225,4/4/2024,16418.57,16049.08,16468.04,16046.56
TRUE,0.0061,4/3/2024,16178.8,16277.46,16340.74,16169.31
TRUE,0.0025,4/2/2024,16199.24,16240.45,16251.41,16137.24
FALSE,0,4/1/2024,16397.05,16396.83,16490.65,16327.89
TRUE,0.0001,3/28/2024,16377.23,16379.46,16420.92,16347.38
FALSE,-0.0015,3/27/2024,16424.76,16399.52,16431.82,16279.17
FALSE,-0.008,3/26/2024,16446.85,16315.7,16476.38,16312.95
TRUE,0.003,3/25/2024,16335.3,16384.47,16441.17,16315.72
TRUE,0.0025,3/22/2024,16387.83,16428.82,16467.62,16361
FALSE,-0.007,3/21/2024,16517.24,16401.84,16538.86,16393.9
TRUE,0.0113,3/20/2024,16185.76,16369.41,16377.44,16127.48
TRUE,0.0084,3/19/2024,16031.93,16166.79,16175.59,15951.86
FALSE,-0.0032,3/18/2024,16154.92,16103.45,16247.59,16094.17
FALSE,-0.0044,3/15/2024,16043.58,15973.17,16055.33,15925.91
FALSE,-0.005,3/14/2024,16209.19,16128.53,16245.32,16039.68
FALSE,-0.0026,3/13/2024,16220.11,16177.77,16233.3,16143.34
TRUE,0.0092,3/12/2024,16116.98,16265.64,16275.45,15992.98
FALSE,-0.0021,3/11/2024,16052.63,16019.27,16085.95,15978.04
FALSE,-0.0145,3/8/2024,16322.1,16085.11,16449.7,16059.5
TRUE,0.0078,3/7/2024,16147.32,16273.38,16309.02,16096.01
FALSE,-0.0038,3/6/2024,16092,16031.54,16128.56,15956.66
FALSE,-0.0086,3/5/2024,16077.74,15939.59,16087.56,15862.63
FALSE,-0.0035,3/4/2024,16264.21,16207.51,16289.06,16199.06
TRUE,0.0102,3/1/2024,16109.83,16274.94,16302.24,16096.6
TRUE,0.002,2/29/2024,16059.34,16091.92,16115.96,15931.7
FALSE,-0.0013,2/28/2024,15969.14,15947.74,16003.56,15924.72
TRUE,0.0013,2/27/2024,16013.98,16035.3,16046.1,15940.51
FALSE,-0.0024,2/26/2024,16014.45,15976.25,16054.9,15973.9
FALSE,-0.0061,2/23/2024,16094.8,15996.82,16134.22,15954.5
TRUE,0.0086,2/22/2024,15904.48,16041.62,16061.82,15869.24
TRUE,0.0031,2/21/2024,15532.12,15580.87,15583.68,15451.65
FALSE,-0.0031,2/20/2024,15679.84,15630.78,15730.47,15508.5
FALSE,-0.0085,2/16/2024,15910.43,15775.65,15917.41,15752.02
TRUE,0.0026,2/15/2024,15865.3,15906.17,15911.22,15779.72
TRUE,0.0049,2/14/2024,15781.71,15859.15,15865.51,15683.94
TRUE,0.0036,2/13/2024,15598.88,15655.6,15770.42,15551.44
FALSE,-0.0024,2/12/2024,15980.62,15942.55,16080.07,15917.87
TRUE,0.0094,2/9/2024,15842.38,15990.66,16007.29,15831.76
TRUE,0.002,2/8/2024,15762.23,15793.71,15813.27,15739.18
TRUE,0.0042,2/7/2024,15690.35,15756.64,15770.68,15645.81
FALSE,-0.0019,2/6/2024,15638.19,15609,15652.75,15515.25
FALSE,-0.001,2/5/2024,15613.99,15597.68,15637.88,15471.68
TRUE,0.0147,2/2/2024,15403.16,15628.95,15664.21,15366.78
TRUE,0.0071,2/1/2024,15254.02,15361.64,15372.13,15208.88
FALSE,-0.0105,1/31/2024,15324.19,15164.01,15405.55,15158.49
FALSE,-0.0076,1/30/2024,15628.04,15509.9,15619.23,15484.67
TRUE,0.0102,1/29/2024,15470.66,15628.04,15630.58,15449.87
FALSE,-0.0013,1/26/2024,15474.85,15455.36,15538.84,15433.04
FALSE,-0.0029,1/25/2024,15555.62,15510.5,15597.25,15430.68
FALSE,-0.0051,1/24/2024,15560.61,15481.92,15629.07,15468.91
TRUE,0.0022,1/23/2024,15391.41,15425.94,15432.35,15337.23
FALSE,-0.0021,1/22/2024,15393.05,15360.29,15438.85,15333.63
TRUE,0.0125,1/19/2024,15122.38,15310.97,15310.97,15087.2
TRUE,0.0041,1/18/2024,14994.52,15055.65,15066.81,14911.11
TRUE,0.0028,1/17/2024,14814.77,14855.62,14865.76,14706.23
TRUE,0.0024,1/16/2024,14908.26,14944.35,15004.35,14863.81
FALSE,-0.0019,1/12/2024,15001.01,14972.76,15047.25,14931.88
FALSE,-0.0034,1/11/2024,15020.95,14970.18,15063.61,14800.38
TRUE,0.0062,1/10/2024,14877.7,14969.65,14998.2,14842.7
TRUE,0.0077,1/9/2024,14744.13,14857.71,14894.32,14716.71
TRUE,0.0192,1/8/2024,14564.47,14843.77,14846.9,14560.2
TRUE,0.0017,1/5/2024,14500.11,14524.07,14625.19,14477.57
FALSE,-0.0015,1/4/2024,14532.23,14510.3,14632.77,14504.78
FALSE,-0.0034,1/3/2024,14641.47,14592.21,14694.58,14577.44
FALSE,-0.0072,1/2/2024,14873.7,14765.94,14887.8,14682.38
FALSE,-0.0058,12/29/2023,15099.2,15011.35,15111.41,14955.37
FALSE,-0.0031,12/28/2023,15142.09,15095.14,15150.07,15087.22
TRUE,0.0006,12/27/2023,15089.66,15099.18,15114.08,15051.67
TRUE,0.0031,12/26/2023,15028.69,15074.57,15101.18,15024.06
FALSE,-0.0009,12/22/2023,15006.18,14992.97,15047.19,14927.12
TRUE,0.0027,12/21/2023,14923.14,14963.87,14970.81,14837.47
FALSE,-0.0131,12/20/2023,14973.36,14777.94,15069.29,14776.29
TRUE,0.0054,12/19/2023,14923.02,15003.22,15003.8,14921.6
TRUE,0.0062,12/18/2023,14814.02,14905.19,14938.04,14811.82
TRUE,0.0011,12/15/2023,14797.46,14813.92,14848.4,14753.15
FALSE,-0.0025,12/14/2023,14798.72,14761.56,14855.62,14642.23
TRUE,0.0122,12/13/2023,14555.68,14733.96,14743.55,14517.52
TRUE,0.0077,12/12/2023,14423.01,14533.4,14533.4,14385.39
TRUE,0.0064,12/11/2023,14340.13,14432.49,14436.08,14324.57
TRUE,0.0087,12/8/2023,14279.46,14403.97,14416.92,14264.96
TRUE,0.0077,12/7/2023,14230.43,14339.99,14353.11,14220.87
FALSE,-0.0125,12/6/2023,14325.62,14146.71,14327.63,14138.51
TRUE,0.0073,12/5/2023,14126.4,14229.91,14285.66,14121.76
TRUE,0.0012,12/4/2023,14168.66,14185.49,14197.52,14058.52
TRUE,0.0087,12/1/2023,14181.35,14305.03,14311.95,14135
FALSE,-0.0027,11/30/2023,14265.05,14226.22,14289.2,14127.05
FALSE,-0.0076,11/29/2023,14367.11,14258.49,14423.22,14247.89
TRUE,0.004,11/28/2023,14224.63,14281.76,14303.65,14195.72
TRUE,0.0001,11/27/2023,14239.31,14241.02,14305.71,14205.24
TRUE,0.0009,11/24/2023,14238.03,14250.85,14270.28,14214.13
FALSE,-0.0013,11/22/2023,14283.82,14265.86,14359.61,14226.63
FALSE,-0.0012,11/21/2023,14217.23,14199.98,14237.5,14146.31
TRUE,0.0106,11/20/2023,14134.75,14284.53,14309.8,14134.2
TRUE,0.0017,11/17/2023,14101.44,14125.48,14154.32,14063.93
TRUE,0.0033,11/16/2023,14066.88,14113.67,14130.45,14033.79
FALSE,-0.0031,11/15/2023,14147.27,14103.84,14194.36,14060.7
TRUE,0.0056,11/14/2023,14015.37,14094.38,14124.06,14003.14
TRUE,0.0016,11/13/2023,13745.96,13767.74,13805.11,13687.78
TRUE,0.0167,11/10/2023,13571.19,13798.11,13802.53,13556.35
FALSE,-0.0126,11/9/2023,13693.7,13521.45,13697.82,13506.02
FALSE,-0.0007,11/8/2023,13660.22,13650.41,13684.87,13573.58
TRUE,0.0062,11/7/2023,13555.79,13639.86,13675.46,13516.56
TRUE,0.0003,11/6/2023,13514.08,13518.78,13551.62,13435.99
TRUE,0.0086,11/3/2023,13362.85,13478.28,13520.28,13344.73
TRUE,0.0048,11/2/2023,13230.49,13294.19,13302.18,13177.64
TRUE,0.0135,11/1/2023,12887.06,13061.47,13072.42,12875.2
TRUE,0.0051,10/31/2023,12786.62,12851.24,12859.4,12697.04
TRUE,0.0031,10/30/2023,12750.47,12789.48,12842.96,12691.56
FALSE,-0.006,10/27/2023,12718.69,12643.01,12772.43,12600.57
FALSE,-0.0136,10/26/2023,12768.97,12595.61,12818.14,12543.86
FALSE,-0.0168,10/25/2023,13039.86,12821.22,13042.52,12804.3
TRUE,0.0042,10/24/2023,13084.99,13139.87,13170.39,13022.85
TRUE,0.0068,10/23/2023,12930.85,13018.33,13143.22,12848.83
FALSE,-0.0132,10/20/2023,13157.77,12983.81,13177.35,12977.43
FALSE,-0.0126,10/19/2023,13354.8,13186.18,13404.73,13157.33
FALSE,-0.0093,10/18/2023,13439.68,13314.3,13499.74,13275.3
TRUE,0.0085,10/17/2023,13419.87,13533.75,13602.25,13364.74
TRUE,0.0085,10/16/2023,13453.81,13567.98,13598.05,13447.17
FALSE,-0.0152,10/13/2023,13613.59,13407.23,13619.54,13361.85
FALSE,-0.0072,10/12/2023,13672.47,13574.22,13714.14,13491.56
TRUE,0.003,10/11/2023,13619.21,13659.68,13671.11,13549.29
TRUE,0.0042,10/10/2023,13505.81,13562.84,13659.63,13491.81
TRUE,0.0119,10/9/2023,13326.22,13484.24,13509.3,13277.48
TRUE,0.0231,10/6/2023,13127.68,13431.34,13472.27,13099.03
FALSE,-0.0006,10/5/2023,13228.12,13219.83,13251.18,13087.57
TRUE,0.0109,10/4/2023,13092.92,13236.01,13258.76,13072.51
FALSE,-0.0129,10/3/2023,13229.68,13059.47,13280.04,13008.6
TRUE,0.0068,10/2/2023,13217.98,13307.77,13364.03,13204.08
FALSE,-0.0089,9/29/2023,13337.71,13219.32,13382.98,13177.09
TRUE,0.0121,9/28/2023,13043.37,13201.28,13270.97,13025.11
FALSE,-0.0017,9/27/2023,13115.36,13092.85,13156.37,12963.16
FALSE,-0.0089,9/26/2023,13180.96,13063.61,13199.13,13033.4
TRUE,0.0075,9/25/2023,13172.54,13271.32,13277.83,13132
FALSE,-0.0057,9/22/2023,13287.17,13211.81,13353.22,13200.64
FALSE,-0.0078,9/21/2023,13328.06,13223.98,13362.23,13222.56
FALSE,-0.0176,9/20/2023,13710.26,13469.13,13727.81,13467.28
TRUE,0.0021,9/19/2023,13649.44,13678.19,13705.15,13578.87
TRUE,0.0029,9/18/2023,13669.96,13710.24,13751.28,13663.46
FALSE,-0.013,9/15/2023,13889.2,13708.33,13895.75,13684.24
TRUE,0.0026,9/14/2023,13889.76,13926.05,13957.57,13810.66
FALSE,-0.0006,9/13/2023,13822.32,13813.59,13868.57,13733.82
FALSE,-0.0062,9/12/2023,13858.94,13773.61,13913.6,13763.69
TRUE,0.0024,9/11/2023,13884.03,13917.89,13937.47,13805.13
TRUE,0.0005,9/8/2023,13754.71,13761.53,13843.37,13733.18
TRUE,0.0054,9/7/2023,13675.11,13748.83,13774.63,13642.47
FALSE,-0.0083,9/6/2023,13988.81,13872.47,14001.95,13802.42
TRUE,0.0019,9/5/2023,13994.54,14020.95,14060.85,13945.65
FALSE,-0.0069,9/1/2023,14129.96,14031.81,14149.62,13982.42
FALSE,-0.0005,8/31/2023,14041.54,14034.97,14114.67,14010.48
TRUE,0.0041,8/30/2023,13961.77,14019.31,14050.82,13924.2
TRUE,0.0187,8/29/2023,13687.23,13943.76,13959.81,13677.06
TRUE,0.0007,8/28/2023,13695.36,13705.13,13735.98,13626.64
TRUE,0.0056,8/25/2023,13514.37,13590.65,13633.42,13376.35
FALSE,-0.0268,8/24/2023,13834.31,13463.97,13834.69,13462.84
TRUE,0.0139,8/23/2023,13532.43,13721.03,13757,13532.43
FALSE,-0.0065,8/22/2023,13593.95,13505.87,13598.77,13484.38
TRUE,0.0113,8/21/2023,13347.26,13497.59,13516.86,13325.59
TRUE,0.0076,8/18/2023,13190.02,13290.78,13335.87,13161.76
FALSE,-0.0156,8/17/2023,13527.3,13316.93,13535.09,13303.45
FALSE,-0.0087,8/16/2023,13593.17,13474.63,13644.32,13473.03
FALSE,-0.0094,8/15/2023,13760.48,13631.05,13774.98,13611.93
TRUE,0.0139,8/14/2023,13599,13788.33,13789.16,13582.49
FALSE,-0.0006,8/11/2023,13653.46,13644.85,13720.33,13609.98
FALSE,-0.0058,8/10/2023,13818.25,13737.99,13947.16,13686.51
FALSE,-0.0126,8/9/2023,13897.61,13722.02,13898.54,13698.39
TRUE,0.0006,8/8/2023,13875.45,13884.32,13899.74,13769.34
TRUE,0.0016,8/7/2023,13972.45,13994.4,13997.15,13864.92
FALSE,-0.0139,8/4/2023,14105.16,13909.24,14119.22,13897.93
TRUE,0.0043,8/3/2023,13899.76,13959.72,14032.28,13881.35
FALSE,-0.0113,8/2/2023,14132.73,13973.45,14133.85,13914.81
TRUE,0.0006,8/1/2023,14274.93,14283.91,14309.21,14215.64
TRUE,0.0006,7/31/2023,14337.9,14346.02,14370.91,14292.75
TRUE,0.0082,7/28/2023,14199.83,14316.66,14344.35,14188.1
FALSE,-0.0188,7/27/2023,14319.16,14050.11,14360.2,14006.92
TRUE,0.0003,7/26/2023,14123.52,14127.28,14187.35,14041.95
TRUE,0.0036,7/25/2023,14093.24,14144.56,14201.91,14092.52
FALSE,-0.0016,7/24/2023,14081.63,14058.87,14110.15,13997.13
FALSE,-0.0082,7/21/2023,14148.18,14032.81,14179.01,14020.45
FALSE,-0.0147,7/20/2023,14273.29,14063.31,14309.92,14030.62
FALSE,-0.0028,7/19/2023,14398.53,14358.02,14446.55,14317.09
TRUE,0.0099,7/18/2023,14212.25,14353.64,14396.69,14176.11
TRUE,0.0067,7/17/2023,14149.92,14244.95,14274.41,14138.01
FALSE,-0.0037,7/14/2023,14166.66,14113.7,14232.11,14081.96
TRUE,0.0084,7/13/2023,14021.15,14138.57,14163.8,14012.24
TRUE,0.0002,7/12/2023,13915.64,13918.96,13963.45,13842.13
TRUE,0.0037,7/11/2023,13709.81,13760.7,13774.83,13643.32
TRUE,0.0029,7/10/2023,13645.37,13685.48,13692.41,13584.87
FALSE,-0.0005,7/7/2023,13668.07,13660.72,13804.51,13656.73
TRUE,0.0019,7/6/2023,13653.17,13679.04,13689.52,13567.25
TRUE,0.0014,7/5/2023,13772.1,13791.65,13844.5,13764.25
TRUE,0.0013,7/3/2023,13798.7,13816.77,13839.09,13773.41
TRUE,0.005,6/30/2023,13719.98,13787.92,13816.68,13716.16
FALSE,-0.0001,6/29/2023,13592.36,13591.33,13618.53,13540.26
TRUE,0.0063,6/28/2023,13506.02,13591.75,13654.14,13495.73
TRUE,0.0124,6/27/2023,13389.25,13555.67,13578.8,13366.97
FALSE,-0.0099,6/26/2023,13468.74,13335.78,13573.57,13334.42
TRUE,0.0006,6/23/2023,13484.1,13492.52,13572.19,13442.65
TRUE,0.0139,6/22/2023,13443.41,13630.61,13631.85,13441.56
FALSE,-0.0087,6/21/2023,13620.87,13502.2,13638.57,13460.94
TRUE,0.0018,6/20/2023,13642.29,13667.29,13711.18,13561.84
FALSE,-0.0122,6/16/2023,13859.07,13689.57,13864.06,13680.95
TRUE,0.0155,6/15/2023,13572.88,13782.82,13828.17,13561.37
TRUE,0.0041,6/14/2023,13570.56,13626.48,13661.74,13455.99
TRUE,0.0005,6/13/2023,13566.52,13573.32,13594.4,13473.19
TRUE,0.0102,6/12/2023,13326.37,13461.92,13465.91,13302.58
FALSE,-0.004,6/9/2023,13312.39,13259.14,13385.95,13229.33
TRUE,0.0096,6/8/2023,13113.27,13238.52,13248.6,13101.18
FALSE,-0.0143,6/7/2023,13295.26,13104.89,13361.9,13089.48
TRUE,0.0058,6/6/2023,13199.59,13276.42,13306.21,13165.65
FALSE,-0.0007,6/5/2023,13238.48,13229.43,13330.65,13194.95
TRUE,0.0038,6/2/2023,13190.48,13240.77,13256.21,13125.86
TRUE,0.0121,6/1/2023,12944.46,13100.98,13141.83,12903.63
FALSE,-0.0026,5/31/2023,12968.38,12935.29,13029.08,12889.37
FALSE,-0.007,5/30/2023,13109.1,13017.43,13154.29,12968.12
TRUE,0.0188,5/26/2023,12736.42,12975.69,13001.91,12729.74
FALSE,-0.0007,5/25/2023,12706.44,12698.09,12736.92,12604.89
TRUE,0.0002,5/24/2023,12481.89,12484.16,12529.63,12415.85
FALSE,-0.0073,5/23/2023,12652.88,12560.25,12709.74,12554.43
TRUE,0.0044,5/22/2023,12664.44,12720.78,12756.22,12655.26
FALSE,-0.0041,5/19/2023,12709.46,12657.9,12731.73,12624.06
TRUE,0.014,5/18/2023,12513.87,12688.84,12698.5,12512.26
TRUE,0.009,5/17/2023,12388.58,12500.57,12514.07,12335.02
TRUE,0.0013,5/16/2023,12327.05,12343.05,12403.81,12324.52
FALSE,-0.0002,5/15/2023,12367.69,12365.21,12376.4,12263.35
FALSE,-0.0053,5/12/2023,12350.52,12284.74,12364.65,12209.58
TRUE,0.0006,5/11/2023,12321.26,12328.51,12347.38,12255.44
TRUE,0.0016,5/10/2023,12286.66,12306.44,12337.69,12180.86
FALSE,-0.0013,5/9/2023,12195.78,12179.55,12216.13,12174.06
TRUE,0.0021,5/8/2023,12231.68,12256.92,12264.99,12178.26
TRUE,0.0134,5/5/2023,12073.03,12235.41,12264.83,12065.72
FALSE,-0.0026,5/4/2023,11997.34,11966.4,12033.15,11925.37
FALSE,-0.0059,5/3/2023,12097.04,12025.33,12212.55,12022.46
FALSE,-0.0096,5/2/2023,12198.02,12080.51,12206.58,12015.23
TRUE,0.0002,5/1/2023,12210.05,12212.6,12261.32,12181.08
TRUE,0.009,4/28/2023,12117.54,12226.58,12227.72,12082.57
TRUE,0.0142,4/27/2023,11972.15,12142.24,12154.01,11950.92
FALSE,-0.0049,4/26/2023,11913.23,11854.35,11967.99,11833.07
FALSE,-0.0142,4/25/2023,11968.81,11799.16,11990.46,11798.77
FALSE,-0.0013,4/24/2023,12053.47,12037.2,12103.58,11960.3
TRUE,0.0022,4/21/2023,12046.03,12072.46,12097.15,11986.82
TRUE,0.0017,4/20/2023,12039.08,12059.56,12155.96,12011.95
TRUE,0.0078,4/19/2023,12063.68,12157.23,12191.1,12060.17
FALSE,-0.0066,4/18/2023,12234.56,12153.41,12245.43,12110.23
TRUE,0.0041,4/17/2023,12108.23,12157.72,12159.02,12064.1
TRUE,0.0005,4/14/2023,12117.91,12123.47,12205.72,12026.55
TRUE,0.0141,4/13/2023,11997.42,12166.27,12178.8,11995.94
FALSE,-0.015,4/12/2023,12110.87,11929.34,12134.5,11916.54
FALSE,-0.004,4/11/2023,12080.24,12031.88,12091.27,12011.4
TRUE,0.0091,4/10/2023,11975.13,12084.35,12084.95,11924.2
TRUE,0.0125,4/6/2023,11939.08,12087.96,12098.5,11898.36
FALSE,-0.007,4/5/2023,12081.76,11996.86,12086.75,11931.85
FALSE,-0.0067,4/4/2023,12208.49,12126.33,12224.68,12081.81
TRUE,0.0036,4/3/2023,12146.09,12189.45,12196.34,12086.52
TRUE,0.0158,3/31/2023,12031.54,12221.91,12227.93,12030.44
TRUE,0.0003,3/30/2023,12010.45,12013.47,12044.79,11953.37
TRUE,0.006,3/29/2023,11855.59,11926.24,11941.6,11823.35
FALSE,-0.0031,3/28/2023,11752.76,11716.08,11752.76,11635.03
FALSE,-0.0084,3/27/2023,11868.54,11768.84,11903.21,11739.05
TRUE,0.0065,3/24/2023,11747.62,11823.96,11826.23,11670.67
FALSE,-0.002,3/23/2023,11811.32,11787.4,11962.69,11684.52
FALSE,-0.0158,3/22/2023,11857.5,11669.96,12013.99,11666.85
TRUE,0.0081,3/21/2023,11764.79,11860.11,11879.16,11724.91
TRUE,0.0053,3/20/2023,11614.39,11675.54,11695.55,11550.69
FALSE,-0.0056,3/17/2023,11696.34,11630.51,11773.11,11562.63
TRUE,0.0292,3/16/2023,11384.87,11717.28,11733.8,11365.49
TRUE,0.0032,3/15/2023,11397.35,11434.05,11447.9,11238.44
TRUE,0.0062,3/14/2023,11357.73,11428.15,11467.02,11284.93
TRUE,0.0133,3/13/2023,11041.46,11188.84,11326.73,10982.8
FALSE,-0.0165,3/10/2023,11325.36,11138.89,11373.81,11093.86
FALSE,-0.0207,3/9/2023,11578.31,11338.35,11667.12,11319.98
TRUE,0.002,3/8/2023,11553.09,11576,11601.23,11487.75
FALSE,-0.0121,3/7/2023,11670.98,11530.33,11705.96,11512.03
FALSE,-0.0052,3/6/2023,11736.87,11675.74,11827.92,11667.48
TRUE,0.0143,3/3/2023,11524.65,11689.01,11699.63,11514.74
TRUE,0.0168,3/2/2023,11273.77,11462.98,11487.59,11273.61
FALSE,-0.0059,3/1/2023,11447.58,11379.48,11479,11349.87
TRUE,0.0004,2/28/2023,11451.05,11455.54,11548.23,11435.39
FALSE,-0.0044,2/27/2023,11517.19,11466.98,11565.23,11444.6
FALSE,-0.0008,2/24/2023,11404.18,11394.94,11434.36,11334.47
FALSE,-0.004,2/23/2023,11636.93,11590.4,11638.98,11432.58
FALSE,-0.0009,2/22/2023,11517.2,11507.07,11582.52,11445.17
FALSE,-0.0127,2/21/2023,11640.37,11492.3,11684.14,11491.18
TRUE,0.0008,2/17/2023,11777.5,11787.27,11803.22,11673.21
FALSE,-0.0034,2/16/2023,11896.31,11855.83,12040.34,11853.36
TRUE,0.0139,2/15/2023,11905.12,12070.59,12071.29,11876.82
TRUE,0.0129,2/14/2023,11808.2,11960.15,11999.85,11760.56
TRUE,0.0113,2/13/2023,11759.09,11891.79,11910.92,11719.73
TRUE,0.0003,2/10/2023,11714.6,11718.12,11775.8,11630.54
FALSE,-0.0232,2/9/2023,12069.1,11789.58,12070.96,11745.11
FALSE,-0.0131,2/8/2023,12069.12,11910.52,12096.39,11890.09
TRUE,0.0187,2/7/2023,11891.25,12113.79,12150.22,11836.78
FALSE,-0.0014,2/6/2023,11904.41,11887.45,11973.41,11843.49
TRUE,0.005,2/3/2023,11946.86,12006.95,12231.31,11946.86
TRUE,0.0112,2/2/2023,12065.15,12200.82,12269.55,12024.14
TRUE,0.021,2/1/2023,11573.14,11816.32,11904.02,11500.33
TRUE,0.0163,1/31/2023,11398.58,11584.55,11586.01,11398.37
FALSE,-0.0103,1/30/2023,11512.34,11393.81,11553.31,11388.54
TRUE,0.0132,1/27/2023,11470.47,11621.71,11691.89,11470.27
TRUE,0.0047,1/26/2023,11458.4,11512.41,11516.05,11341.19
TRUE,0.015,1/25/2023,11146.53,11313.36,11334.22,11069.18
TRUE,0.0028,1/24/2023,11302.93,11334.27,11378.15,11282.65
TRUE,0.0172,1/23/2023,11171.94,11364.41,11405.5,11144.03
TRUE,0.0198,1/20/2023,10924.66,11140.43,11143.17,10885.65
FALSE,-0.0035,1/19/2023,10890.4,10852.27,10932.52,10804.57
FALSE,-0.0192,1/18/2023,11170.95,10957.01,11223.41,10952.05
TRUE,0.0023,1/17/2023,11070,11095.11,11145.44,11024.72
TRUE,0.0158,1/13/2023,10906.37,11079.16,11084.01,10900.16
TRUE,0.0029,1/12/2023,10969.26,11001.1,11027.75,10797.12
TRUE,0.0127,1/11/2023,10794.99,10931.67,10932.44,10762.73
TRUE,0.0127,1/10/2023,10607.72,10742.63,10743.67,10589.59
FALSE,-0.0025,1/9/2023,10662.1,10635.65,10807.26,10619.12
TRUE,0.0198,1/6/2023,10363.96,10569.29,10604.14,10265.04
FALSE,-0.0082,1/5/2023,10390.31,10305.24,10393.22,10295.25
FALSE,-0.0009,1/4/2023,10467.82,10458.76,10515.22,10337.64
FALSE,-0.0166,1/3/2023,10562.06,10386.98,10613.06,10309.16
TRUE,0.0095,12/30/2022,10368.37,10466.48,10468.31,10324.7
TRUE,0.0152,12/29/2022,10321.46,10478.09,10502.08,10301.06
FALSE,-0.0122,12/28/2022,10339.2,10213.29,10414.82,10207.47
FALSE,-0.0104,12/27/2022,10462.19,10353.23,10472.32,10340.73
TRUE,0.0058,12/23/2022,10437.75,10497.86,10514.76,10361.82
FALSE,-0.0104,12/22/2022,10586.46,10476.12,10599.34,10313.32
TRUE,0.0111,12/21/2022,10592,10709.37,10753.57,10569.2
TRUE,0.0054,12/20/2022,10490.89,10547.11,10609.46,10446.82
FALSE,-0.0151,12/19/2022,10707.44,10546.03,10713.97,10497.55
FALSE,-0.0058,12/16/2022,10767.63,10705.41,10833.24,10642.1
FALSE,-0.0184,12/15/2022,11012.62,10810.53,11029.57,10775.61
FALSE,-0.0069,12/14/2022,11248.09,11170.89,11352.09,11065.24
FALSE,-0.0248,12/13/2022,11542.84,11256.81,11571.64,11160.54
TRUE,0.0116,12/12/2022,11015.48,11143.74,11144.67,10984.82
FALSE,-0.003,12/9/2022,11038.17,11004.62,11138.7,10999.26
TRUE,0.0064,12/8/2022,11011.33,11082,11119.16,10939.47
FALSE,-0.0005,12/7/2022,10963.95,10958.55,11039.81,10910.62
FALSE,-0.019,12/6/2022,11228.42,11014.89,11241.42,10956.2
FALSE,-0.0124,12/5/2022,11380.99,11239.94,11425.51,11193.02
TRUE,0.0135,12/2/2022,11308.38,11461.5,11492.32,11296.72
TRUE,0.0006,12/1/2022,11475.17,11482.45,11546.77,11378.75
TRUE,0.043,11/30/2022,10995.2,11468,11468.47,10966.53
FALSE,-0.0069,11/29/2022,11060.02,10983.78,11086.02,10944.37
FALSE,-0.0088,11/28/2022,11147.57,11049.5,11217.75,11020.69
FALSE,-0.0004,11/25/2022,11231,11226.36,11261.57,11206.38
TRUE,0.0099,11/23/2022,11174.61,11285.32,11310.82,11174.61
TRUE,0.0105,11/22/2022,11058.56,11174.41,11179.87,10975.66
FALSE,-0.006,11/21/2022,11091.01,11024.51,11128.78,10999.75
FALSE,-0.0099,11/18/2022,11257.01,11146.06,11259.44,11059.16
TRUE,0.0124,11/17/2022,11008.67,11144.96,11198.84,11006.21
FALSE,-0.0068,11/16/2022,11260.1,11183.66,11286.1,11162.92
FALSE,-0.0101,11/15/2022,11474.82,11358.41,11492.62,11241.15
FALSE,-0.0034,11/14/2022,11233.9,11196.22,11350.12,11167.17
TRUE,0.0179,11/11/2022,11124.75,11323.33,11352.43,11069.83
TRUE,0.0225,11/10/2022,10869.17,11114.15,11119.11,10779.95
FALSE,-0.0169,11/9/2022,10531.64,10353.17,10564.97,10344.01
TRUE,0.0004,11/8/2022,10611.53,10616.2,10745.64,10472.73
TRUE,0.0045,11/7/2022,10516.94,10564.52,10587.96,10428.91
FALSE,-0.0069,11/4/2022,10548.14,10475.25,10553.63,10262.93
FALSE,-0.0054,11/3/2022,10399.45,10342.94,10486.01,10319.54
FALSE,-0.0331,11/2/2022,10885.01,10524.8,10993.24,10522.9
FALSE,-0.0237,11/1/2022,11154.74,10890.85,11156.35,10881.19
FALSE,-0.0037,10/31/2022,11028.43,10988.15,11047.94,10914
TRUE,0.0312,10/28/2022,10766.2,11102.45,11117.04,10766.2
FALSE,-0.0163,10/27/2022,10971.95,10792.67,10998.73,10780.5
TRUE,0.0002,10/26/2022,10969.02,10970.99,11205.84,10948.38
TRUE,0.0184,10/25/2022,10996.97,11199.12,11210.38,10996.97
TRUE,0.0079,10/24/2022,10867.07,10952.61,10983.52,10713.33
TRUE,0.0268,10/21/2022,10576.04,10859.72,10875.72,10542.43
FALSE,-0.004,10/20/2022,10657.41,10614.84,10837.3,10574.55
FALSE,-0.0008,10/19/2022,10689.31,10680.51,10808.04,10592.88
FALSE,-0.0175,10/18/2022,10963.99,10772.4,10972.97,10670.12
TRUE,0.0095,10/17/2022,10575.65,10675.8,10696.59,10569.69
FALSE,-0.0392,10/14/2022,10742.81,10321.39,10766.69,10308.81
TRUE,0.0511,10/13/2022,10131.82,10649.15,10697.71,10088.83
FALSE,-0.0019,10/12/2022,10437,10417.1,10494.53,10372.21
FALSE,-0.0055,10/11/2022,10484.37,10426.19,10608.84,10351.98
FALSE,-0.0111,10/10/2022,10659.95,10542.1,10669.93,10449.04
FALSE,-0.0207,10/7/2022,10877.28,10652.4,10891.93,10608.52
FALSE,-0.005,10/6/2022,11129.04,11073.31,11230.44,11051.27
TRUE,0.0114,10/5/2022,11022.67,11148.64,11210.32,10910.76
TRUE,0.011,10/4/2022,11054.72,11176.41,11189.96,11044.04
TRUE,0.0147,10/3/2022,10659.01,10815.43,10875.46,10577.89
FALSE,-0.0114,9/30/2022,10697.71,10575.62,10883.04,10572.33
FALSE,-0.0144,9/29/2022,10894.44,10737.51,10899.47,10623.22
TRUE,0.0216,9/28/2022,10817.52,11051.64,11101.5,10776.34
FALSE,-0.0115,9/27/2022,10955.29,10829.5,11040.98,10741.02
FALSE,-0.0028,9/26/2022,10833.38,10802.92,11024,10789.05
FALSE,-0.0077,9/23/2022,10952.69,10867.93,10958.29,10732.72
FALSE,-0.009,9/22/2022,11167.38,11066.81,11203.77,11024.64
FALSE,-0.0215,9/21/2022,11466.21,11220.19,11613.57,11218.99
FALSE,-0.0013,9/20/2022,11440.14,11425.05,11520.99,11343.72
TRUE,0.0173,9/19/2022,11338.57,11535.02,11538.13,11337.83
TRUE,0.0041,9/16/2022,11401.21,11448.4,11460.43,11316.92
FALSE,-0.007,9/15/2022,11633.24,11552.36,11760.73,11497.11
TRUE,0.0034,9/14/2022,11680.41,11719.68,11746.83,11602.76
FALSE,-0.0231,9/13/2022,11908.81,11633.57,11957.97,11604.43
TRUE,0.0075,9/12/2022,12174.94,12266.41,12270.19,12169.28
TRUE,0.0129,9/9/2022,11958.61,12112.31,12132.67,11958.61
TRUE,0.0156,9/8/2022,11679.86,11862.13,11896.73,11660.53
TRUE,0.0201,9/7/2022,11559.38,11791.9,11819.07,11555.08
FALSE,-0.0084,9/6/2022,11643.03,11544.91,11679.43,11471.5
FALSE,-0.0225,9/2/2022,11899.14,11630.86,11945.91,11573.51
TRUE,0.0066,9/1/2022,11707.44,11785.13,11798.37,11546.52
FALSE,-0.0131,8/31/2022,11972.56,11816.2,12027.43,11814.17
FALSE,-0.0174,8/30/2022,12093.06,11883.14,12101.85,11790.02
FALSE,-0.0003,8/29/2022,12021.05,12017.67,12124.87,11981.42
FALSE,-0.0387,8/26/2022,12630.58,12141.71,12655.84,12141.52
TRUE,0.0106,8/25/2022,12506.37,12639.27,12641.26,12471.98
TRUE,0.0046,8/24/2022,12375.15,12431.53,12504.33,12350.16
TRUE,0.0001,8/23/2022,12380.37,12381.3,12490.85,12352.03
FALSE,-0.0113,8/22/2022,12523.16,12381.57,12538.55,12353.73
FALSE,-0.0099,8/19/2022,12832.27,12705.22,12859.01,12674.87
TRUE,0.0021,8/18/2022,12937.79,12965.34,13002.66,12873.49
FALSE,-0.0024,8/17/2022,12968.63,12938.12,13053.51,12863.01
TRUE,0.0015,8/16/2022,13082.64,13102.55,13181.09,12979.24
TRUE,0.0101,8/15/2022,12996.63,13128.05,13146.06,12993.78
TRUE,0.0141,8/12/2022,12866.31,13047.19,13047.19,12821.22
FALSE,-0.016,8/11/2022,12987.95,12779.91,13026.24,12760.09
TRUE,0.0048,8/10/2022,12793.44,12854.8,12861.44,12698.61
FALSE,-0.0051,8/9/2022,12557.49,12493.93,12582.91,12438.86
FALSE,-0.0047,8/8/2022,12703.72,12644.46,12855.15,12597.75
TRUE,0.0095,8/5/2022,12538.8,12657.55,12720.44,12525.77
TRUE,0.0036,8/4/2022,12675.04,12720.58,12736.19,12600.78
TRUE,0.0188,8/3/2022,12433.87,12668.16,12699.64,12425.21
FALSE,-0.0105,8/2/2022,12479.78,12348.76,12503.34,12260.48
TRUE,0.0041,8/1/2022,12317.96,12368.98,12499.72,12271.98
TRUE,0.0123,7/29/2022,12239.69,12390.69,12426.26,12181.13
TRUE,0.0105,7/28/2022,12036.48,12162.59,12179.09,11886.67
TRUE,0.0235,7/27/2022,11756.19,12032.42,12081.73,11718.38
FALSE,-0.0119,7/26/2022,11701.53,11562.57,11711.31,11533.37
FALSE,-0.0047,7/25/2022,11837.96,11782.67,11855.11,11707.53
FALSE,-0.0159,7/22/2022,12025.37,11834.11,12093.02,11767.19
TRUE,0.0122,7/21/2022,11914.15,12059.61,12060.59,11812.72
TRUE,0.0146,7/20/2022,11726.09,11897.65,11939.96,11703.36
TRUE,0.0172,7/19/2022,11515,11713.15,11721.22,11448.97
FALSE,-0.0174,7/18/2022,11561.64,11360.05,11629.03,11322.84
TRUE,0.0064,7/15/2022,11379.36,11452.42,11454.69,11295.33
TRUE,0.009,7/14/2022,11151.21,11251.19,11279.97,11005.93
TRUE,0.0173,7/13/2022,11056.55,11247.58,11325.67,11031.27
FALSE,-0.0137,7/12/2022,11420.89,11264.73,11483.17,11207.08
FALSE,-0.0132,7/11/2022,11524.49,11372.6,11541.1,11348.06
TRUE,0.0114,7/8/2022,11503.61,11635.31,11689.7,11479.77
TRUE,0.0174,7/7/2022,11422.6,11621.35,11644.47,11412.88
TRUE,0.0021,7/6/2022,11337.9,11361.85,11443.15,11250.32
TRUE,0.0327,7/5/2022,10964.18,11322.24,11323.89,10911.45
TRUE,0.011,7/1/2022,11006.83,11127.85,11132.55,10922.71
FALSE,-0.0018,6/30/2022,11048.25,11028.74,11160.92,10850.01
TRUE,0.0016,6/29/2022,11160.22,11177.89,11226.33,11072.19
FALSE,-0.0313,6/28/2022,11542.24,11181.54,11635.85,11177.68
FALSE,-0.0117,6/27/2022,11661.02,11524.55,11677.49,11487.07
TRUE,0.0226,6/24/2022,11351.31,11607.62,11613.23,11337.78
TRUE,0.0085,6/23/2022,11137.68,11232.19,11260.27,11046.28
TRUE,0.0102,6/22/2022,10941.95,11053.08,11216.77,10938.06
TRUE,0.0087,6/21/2022,10974.05,11069.3,11164.99,10974.05
TRUE,0.0094,6/17/2022,10697.55,10798.35,10884.71,10638.72
FALSE,-0.0148,6/16/2022,10806.02,10646.1,10831.07,10565.14
TRUE,0.0119,6/15/2022,10968.4,11099.15,11244.26,10866.39
FALSE,-0.0063,6/14/2022,10897.43,10828.35,10926.81,10733.04
FALSE,-0.0162,6/13/2022,10986.85,10809.23,11071.48,10775.14
FALSE,-0.0177,6/10/2022,11543.88,11340.02,11569.15,11328.27
FALSE,-0.0218,6/9/2022,12016.47,11754.23,12115.06,11751.98
FALSE,-0.005,6/8/2022,12147.28,12086.27,12235.78,12052.7
TRUE,0.0209,6/7/2022,11925.81,12175.23,12194.86,11888.61
FALSE,-0.0114,6/6/2022,12200.33,12061.37,12245.4,12004.2
FALSE,-0.007,6/3/2022,12097.12,12012.73,12167.44,11966.62
TRUE,0.0311,6/2/2022,11945.57,12316.9,12320.12,11901.45
FALSE,-0.015,6/1/2022,12176.89,11994.46,12237.94,11901.43
FALSE,-0.0046,5/31/2022,12137.54,12081.39,12190.08,11942.5
TRUE,0.022,5/27/2022,11869.69,12131.13,12131.66,11856.82
TRUE,0.029,5/26/2022,11409.84,11740.65,11796.97,11406.16
TRUE,0.0187,5/25/2022,11225.03,11434.74,11511.9,11211.85
FALSE,-0.0055,5/24/2022,11326.44,11264.45,11351.61,11092.48
TRUE,0.0123,5/23/2022,11395.47,11535.27,11552.07,11304.56
FALSE,-0.0163,5/20/2022,11542.67,11354.62,11552.21,11035.69
TRUE,0.0021,5/19/2022,11364.4,11388.5,11562.82,11313.31
FALSE,-0.0316,5/18/2022,11790.68,11418.15,11826.22,11381.69
TRUE,0.0081,5/17/2022,11887.98,11984.52,11988.43,11754.28
FALSE,-0.0055,5/16/2022,11727.14,11662.79,11804.59,11627.53
TRUE,0.0215,5/13/2022,11555.97,11805,11856.71,11510.26
TRUE,0.0153,5/12/2022,11199.25,11370.96,11547.33,11108.76
FALSE,-0.0242,5/11/2022,11645.57,11364.24,11844.51,11339.18
FALSE,-0.0137,5/10/2022,11900.34,11737.67,11944.94,11566.28
FALSE,-0.0251,5/9/2022,11923.03,11623.25,11990.61,11574.94
FALSE,-0.0083,5/6/2022,12246.83,12144.66,12358.42,11990.15
FALSE,-0.0367,5/5/2022,12787.52,12317.69,12787.52,12183.56
TRUE,0.031,5/4/2022,12574.73,12964.86,12985.01,12367.02
TRUE,0.0042,5/3/2022,12511.46,12563.76,12645.83,12460.99
TRUE,0.0166,5/2/2022,12331.69,12536.02,12542.54,12202.41
FALSE,-0.0296,4/29/2022,12710.42,12334.64,12861.83,12315.74
TRUE,0.0125,4/28/2022,12712.86,12871.53,12948.52,12487.86
FALSE,-0.001,4/27/2022,12500.88,12488.93,12703.79,12430.9
FALSE,-0.0331,4/26/2022,12918.04,12490.74,12918.04,12490.74
TRUE,0.0201,4/25/2022,12749.17,13004.85,13011.45,12722.59
FALSE,-0.025,4/22/2022,13168.8,12839.29,13212.6,12828.02
FALSE,-0.033,4/21/2022,13623.7,13174.65,13710.69,13140.83
FALSE,-0.0155,4/20/2022,13665.38,13453.07,13678.55,13426.12
TRUE,0.0231,4/19/2022,13312.44,13619.66,13643.97,13281.22
TRUE,0.001,4/18/2022,13319.39,13332.36,13414.27,13222.03
FALSE,-0.0217,4/14/2022,13647.43,13351.08,13662.93,13345.22
TRUE,0.0202,4/13/2022,13373.12,13643.59,13679.43,13353.66
FALSE,-0.0157,4/12/2022,13584.69,13371.57,13685.95,13317.74
FALSE,-0.01,4/11/2022,13547.29,13411.96,13585.08,13401.39
FALSE,-0.0086,4/8/2022,13830.47,13711,13866.06,13693.69
TRUE,0.0026,4/7/2022,13861.49,13897.3,13978.25,13689.23
FALSE,-0.0081,4/6/2022,14002.58,13888.82,14032.84,13788.9
FALSE,-0.0041,4/5/2022,14262.28,14204.17,14500.29,14169.12
TRUE,0.016,4/4/2022,14304.35,14532.55,14534.38,14286.45
FALSE,-0.0006,4/1/2022,14269.53,14261.5,14306.94,14131.81
FALSE,-0.0155,3/31/2022,14444.78,14220.52,14456.74,14217.72
FALSE,-0.008,3/30/2022,14558.59,14442.27,14609.25,14383.45
TRUE,0.0082,3/29/2022,14500.39,14619.64,14646.9,14419.4
TRUE,0.0125,3/28/2022,14177.21,14354.9,14356,14101.34
FALSE,-0.0018,3/25/2022,14194.72,14169.3,14218.76,14010.79
TRUE,0.0136,3/24/2022,14001.32,14191.84,14193.55,13897.2
FALSE,-0.0048,3/23/2022,13990.35,13922.6,14152.14,13921.65
TRUE,0.0175,3/22/2022,13866.43,14108.82,14141.07,13857.29
FALSE,-0.0016,3/21/2022,13860.39,13838.46,13945.8,13682.55
TRUE,0.0243,3/18/2022,13564.63,13893.84,13899.28,13528.06
TRUE,0.019,3/17/2022,13360.72,13614.78,13620.8,13317.14
TRUE,0.0242,3/16/2022,13119.36,13436.55,13440.12,12992.2
TRUE,0.0208,3/15/2022,12685.23,12948.62,12973.88,12616.59
FALSE,-0.0167,3/14/2022,12795.12,12581.22,12918.01,12555.35
FALSE,-0.0292,3/11/2022,13229.77,12843.81,13239.35,12830.37
TRUE,0.0024,3/10/2022,13098.35,13129.96,13163.5,12946.28
TRUE,0.0108,3/9/2022,13113.7,13255.55,13301.16,13039.79
FALSE,-0.0004,3/8/2022,12800.04,12795.55,13159.44,12670.08
FALSE,-0.0373,3/7/2022,13328.36,12830.96,13353.28,12828.02
FALSE,-0.0105,3/4/2022,13455.23,13313.44,13486.71,13224.98
FALSE,-0.0217,3/3/2022,13837.59,13537.94,13837.59,13472.64
TRUE,0.0114,3/2/2022,13597.53,13752.02,13796.55,13493.9
FALSE,-0.0134,3/1/2022,13716.7,13532.46,13777.04,13441.32
TRUE,0.0133,2/28/2022,13570.83,13751.4,13810.64,13549.9
TRUE,0.0155,2/25/2022,13485.26,13694.62,13696.86,13358.29
TRUE,0.0704,2/24/2022,12587.88,13473.58,13486.11,12587.88
FALSE,-0.0351,2/23/2022,13511.75,13037.49,13533.78,13032.17
FALSE,-0.0032,2/22/2022,13424.36,13381.52,13618.72,13249.65
FALSE,-0.0136,2/18/2022,13735.4,13548.07,13762.4,13465.56
FALSE,-0.0205,2/17/2022,14004.19,13716.72,14020.82,13704.7
TRUE,0.0061,2/16/2022,14038.92,14124.09,14163.73,13931.99
TRUE,0.0102,2/15/2022,13997.18,14139.76,14142.49,13976.29
TRUE,0.0016,2/14/2022,13768.97,13790.92,13921.71,13664.76
FALSE,-0.0297,2/11/2022,14213.62,13791.15,14246.7,13733.16
FALSE,-0.003,2/10/2022,14228.68,14185.64,14509.56,14118.2
TRUE,0.0085,2/9/2022,14368.16,14490.37,14490.72,14330.87
TRUE,0.015,2/8/2022,13984.43,14194.45,14226.48,13934.78
FALSE,-0.0073,2/7/2022,14118.79,14015.67,14236.31,13974.1
TRUE,0.01,2/4/2022,13958.48,14098.01,14222.76,13850.39
FALSE,-0.0119,2/3/2022,14045.83,13878.82,14207.88,13851.74
FALSE,-0.0053,2/2/2022,14494.47,14417.55,14504.82,14264.65
TRUE,0.0048,2/1/2022,14277.43,14346,14358.69,14070.77
TRUE,0.031,1/31/2022,13812.19,14239.88,14242.9,13767.71
TRUE,0.0248,1/28/2022,13436.71,13770.57,13771.91,13236.56
FALSE,-0.0261,1/27/2022,13710.99,13352.78,13765.91,13322.66
FALSE,-0.0238,1/26/2022,13871.77,13542.12,14002.65,13392.19
FALSE,-0.0053,1/25/2022,13610.87,13539.29,13781.62,13414.14
TRUE,0.0277,1/24/2022,13481.5,13855.13,13876.61,13094.65
FALSE,-0.0197,1/21/2022,14046.22,13768.92,14171.72,13764.24
FALSE,-0.0214,1/20/2022,14462.85,14154.02,14642.03,14140.78
FALSE,-0.0166,1/19/2022,14582.22,14340.26,14658.89,14331.65
FALSE,-0.0119,1/18/2022,14681.83,14506.9,14740.54,14482.94
TRUE,0.0126,1/14/2022,14708.02,14893.75,14897.68,14689.43
FALSE,-0.0287,1/13/2022,15245.04,14806.81,15259.71,14782.24
FALSE,-0.0049,1/12/2022,15263.1,15188.39,15319.03,15117.29
TRUE,0.0157,1/11/2022,14919.26,15153.45,15158.71,14837.63
TRUE,0.013,1/10/2022,14751.78,14942.83,14953.85,14530.23
FALSE,-0.0106,1/7/2022,15095.72,14935.9,15171.02,14877.63
TRUE,0.0038,1/6/2022,15024.15,15080.86,15198.45,14914.87
FALSE,-0.0288,1/5/2022,15547.16,15100.17,15586.3,15095.18
FALSE,-0.0145,1/4/2022,15852.14,15622.72,15852.14,15512.41
TRUE,0.0064,1/3/2022,15732.5,15832.8,15832.8,15644.09
FALSE,-0.005,12/31/2021,15722.91,15644.97,15777.43,15643.93
FALSE,-0.0011,12/30/2021,15758.98,15741.56,15868.09,15729.16
FALSE,-0.0018,12/29/2021,15794.92,15766.22,15821.81,15679.85
FALSE,-0.0071,12/28/2021,15895.2,15781.72,15901.47,15757.07
TRUE,0.0111,12/27/2021,15696.83,15871.26,15871.4,15696.83
TRUE,0.007,12/23/2021,15544.79,15653.37,15697.98,15528.91
TRUE,0.0132,12/22/2021,15319.16,15521.89,15525.97,15303.06
TRUE,0.0133,12/21/2021,15140.43,15341.09,15349.06,15015.03
TRUE,0.0032,12/20/2021,14933,14980.94,15007.3,14860.04
TRUE,0.0088,12/17/2021,15036.77,15169.68,15288.78,14960.37
FALSE,-0.0287,12/16/2021,15629.08,15180.43,15633.19,15119.49
TRUE,0.022,12/15/2021,15230.71,15565.58,15575.76,15055.23
TRUE,0.0014,12/14/2021,15215.96,15237.64,15317.55,15097.35
FALSE,-0.0133,12/13/2021,15621.27,15413.28,15637.06,15408.25
TRUE,0.0001,12/10/2021,15629.59,15630.6,15677.6,15477.85
FALSE,-0.0129,12/9/2021,15720.54,15517.37,15796.05,15511.12
TRUE,0.0061,12/8/2021,15690.65,15786.99,15792.64,15618.88
TRUE,0.0113,12/7/2021,15510.91,15686.92,15720.09,15507.66
TRUE,0.0071,12/6/2021,15117.63,15225.15,15281.99,14931.61
FALSE,-0.0222,12/3/2021,15428.71,15085.47,15470.36,14931.06
TRUE,0.0131,12/2/2021,15181.82,15381.32,15444.54,15150.12
FALSE,-0.0316,12/1/2021,15752.27,15254.05,15816.82,15243.93
FALSE,-0.0114,11/30/2021,15716.5,15537.69,15828.2,15451.39
TRUE,0.004,11/29/2021,15719.42,15782.83,15833.11,15644.61
FALSE,-0.011,11/26/2021,15664.38,15491.66,15731.54,15456.09
TRUE,0.0107,11/24/2021,15677.88,15845.23,15848.56,15591.36
FALSE,-0.0022,11/23/2021,15809.5,15775.14,15895.86,15601.46
FALSE,-0.0165,11/22/2021,16120.92,15854.76,16212.23,15851.04
TRUE,0.001,11/19/2021,16042.16,16057.44,16121.12,16017.23
TRUE,0.0013,11/18/2021,15973.39,15993.71,16010.88,15848.83
FALSE,-0.0033,11/17/2021,15973.62,15921.57,15998.57,15909.39
TRUE,0.0084,11/16/2021,15840.32,15973.86,15989.61,15825
FALSE,-0.0026,11/15/2021,15894.82,15853.85,15918.45,15778.31
TRUE,0.0069,11/12/2021,15752.62,15860.96,15874.57,15705.38
FALSE,-0.003,11/11/2021,15752.08,15704.28,15768.03,15695.77
FALSE,-0.0083,11/10/2021,15753.84,15622.71,15867.24,15543.68
FALSE,-0.0086,11/9/2021,16024.13,15886.54,16035.21,15836.68
FALSE,-0.0008,11/8/2021,15995.72,15982.36,16038.23,15961.81
FALSE,-0.002,11/5/2021,16003.56,15971.59,16053.39,15900.78
TRUE,0.0057,11/4/2021,15849.74,15940.31,15966.09,15827.66
TRUE,0.0098,11/3/2021,15658.52,15811.58,15821.57,15616.44
TRUE,0.0042,11/2/2021,15583.98,15649.6,15656.6,15569.27
TRUE,0.0035,11/1/2021,15541.26,15595.92,15598.95,15470.82
TRUE,0.0114,10/29/2021,15323.29,15498.39,15504.12,15323.29
TRUE,0.0094,10/28/2021,15304.74,15448.12,15452.3,15290.31
FALSE,-0.0026,10/27/2021,15276,15235.84,15364.54,15235.84
FALSE,-0.0053,10/26/2021,15317.5,15235.71,15384,15198.23
TRUE,0.004,10/25/2021,15165.52,15226.71,15259.63,15070.75
FALSE,-0.0045,10/22/2021,15158.06,15090.2,15193.01,15021.02
TRUE,0.0073,10/21/2021,15104.8,15215.7,15222.25,15094.14
FALSE,-0.0025,10/20/2021,15160,15121.68,15178.39,15071.15
TRUE,0.0037,10/19/2021,15073.13,15129.09,15137.85,15049.73
TRUE,0.0123,10/18/2021,14839.74,15021.81,15026.68,14833.28
TRUE,0.0004,10/15/2021,14891.24,14897.34,14904.98,14847.96
TRUE,0.0072,10/14/2021,14717.5,14823.43,14827.56,14699.52
TRUE,0.0024,10/13/2021,14537.17,14571.64,14589.28,14471.87
FALSE,-0.005,10/12/2021,14539.09,14465.92,14552.71,14441.6
FALSE,-0.0037,10/11/2021,14540.08,14486.2,14665.99,14482.61
FALSE,-0.0078,10/8/2021,14694.72,14579.54,14699.91,14569.68
TRUE,0.0015,10/7/2021,14631.8,14654.02,14755.72,14615.14
TRUE,0.0149,10/6/2021,14289.45,14501.91,14509.55,14259.07
TRUE,0.0085,10/5/2021,14312.86,14433.83,14508.65,14299.78
FALSE,-0.0164,10/4/2021,14493.12,14255.48,14499.74,14181.69
TRUE,0.005,10/1/2021,14494.93,14566.7,14606.82,14324.01
FALSE,-0.0092,9/30/2021,14582.6,14448.58,14632.36,14444.3
FALSE,-0.007,9/29/2021,14614.88,14512.44,14676.62,14493.67
FALSE,-0.0163,9/28/2021,14787.21,14546.68,14817.74,14539.88
TRUE,0.0011,9/27/2021,14954.18,14969.97,15003.16,14864.96
TRUE,0.0058,9/24/2021,14961.61,15047.7,15067.56,14946.57
TRUE,0.0062,9/23/2021,14960,15052.24,15085.44,14932.51
TRUE,0.0065,9/22/2021,14800.59,14896.85,14950.12,14767.01
FALSE,-0.0038,9/21/2021,14803.36,14746.4,14847.03,14696.47
FALSE,-0.003,9/20/2021,14758.14,14713.9,14841.82,14530.07
FALSE,-0.0079,9/17/2021,15163.35,15043.97,15166.56,14998.73
TRUE,0.0041,9/16/2021,15120.09,15181.92,15205.5,15047.14
TRUE,0.006,9/15/2021,15071.34,15161.53,15174.38,14984.68
FALSE,-0.0086,9/14/2021,15168.45,15037.76,15181.19,15008.3
FALSE,-0.007,9/13/2021,15211.43,15105.58,15215.44,15030.85
FALSE,-0.0142,9/10/2021,15332.92,15115.49,15349.47,15111.31
FALSE,-0.0031,9/9/2021,15296.06,15248.25,15352.38,15245.17
FALSE,-0.0048,9/8/2021,15360.35,15286.64,15360.35,15206.61
FALSE,-0.0001,9/7/2021,15375.98,15374.33,15403.44,15343.28
TRUE,0.0033,9/3/2021,15313.41,15363.52,15375.56,15283.67
FALSE,-0.0018,9/2/2021,15358.47,15331.18,15380.07,15285.35
FALSE,0,9/1/2021,15308.98,15309.38,15379.5,15302.11
FALSE,-0.0002,8/31/2021,15262.88,15259.24,15278.96,15202.67
TRUE,0.0066,8/30/2021,15165.94,15265.89,15288.08,15165.12
TRUE,0.0107,8/27/2021,14969.77,15129.5,15144.48,14966.52
FALSE,-0.0053,8/26/2021,15025.17,14945.81,15059.63,14939.56
TRUE,0.0002,8/25/2021,15039.03,15041.86,15059.43,15011.58
TRUE,0.0028,8/24/2021,14978.14,15019.8,15034.89,14965.54
TRUE,0.0112,8/23/2021,14776.98,14942.65,14963.47,14776.98
TRUE,0.0098,8/20/2021,14571.53,14714.66,14722.16,14571.53
TRUE,0.0082,8/19/2021,14423.16,14541.79,14610.76,14423.16
FALSE,-0.0075,8/18/2021,14636.24,14525.91,14697.25,14516.3
FALSE,-0.001,8/17/2021,14670.56,14656.18,14716.95,14550.88
TRUE,0.0015,8/16/2021,14771.53,14793.76,14794.68,14610.02
FALSE,-0.0001,8/13/2021,14825.07,14822.9,14850.61,14797.22
TRUE,0.0044,8/12/2021,14751.36,14816.26,14824.31,14698.94
FALSE,-0.0047,8/11/2021,14834.38,14765.14,14842.5,14692.41
FALSE,-0.0067,8/10/2021,14887.74,14788.09,14894.61,14754.48
TRUE,0.0003,8/9/2021,14855.76,14860.18,14883.81,14802.69
FALSE,-0.0019,8/6/2021,14864.22,14835.76,14890.18,14788.59
TRUE,0.0068,8/5/2021,14794.08,14895.12,14896.47,14776.03
TRUE,0.0023,8/4/2021,14747.21,14780.53,14812.37,14734.12
TRUE,0.0032,8/3/2021,14713.99,14761.29,14762.6,14584.09
TRUE,0.0006,8/2/2021,14672.68,14681.07,14770.41,14665.67
TRUE,0.0039,7/30/2021,14615.85,14672.68,14728.78,14615.85
TRUE,0.0005,7/29/2021,14771.17,14778.26,14833.74,14761.38
FALSE,-0.0014,7/28/2021,14783.54,14762.58,14798.88,14645.63
FALSE,-0.01,7/27/2021,14807.95,14660.58,14811.08,14503.76
TRUE,0.0013,7/26/2021,14821.03,14840.71,14863.65,14790.49
TRUE,0.0057,7/23/2021,14753.06,14836.99,14846.06,14698.77
TRUE,0.0022,7/22/2021,14652.72,14684.6,14694.19,14617.87
TRUE,0.0085,7/21/2021,14508.75,14631.95,14633.14,14498.65
TRUE,0.0118,7/20/2021,14330.46,14498.88,14555.75,14271.23
TRUE,0.0027,7/19/2021,14235.98,14274.98,14313.6,14178.66
FALSE,-0.0117,7/16/2021,14597.51,14427.24,14623.02,14413.32
FALSE,-0.0063,7/15/2021,14635.78,14543.13,14650.37,14451.8
FALSE,-0.0092,7/14/2021,14780.9,14644.95,14790.55,14632.95
FALSE,-0.0025,7/13/2021,14715.13,14677.65,14803.68,14660.19
FALSE,-0.0007,7/12/2021,14743.86,14733.24,14761.08,14672.63
TRUE,0.0028,7/9/2021,14661.42,14701.92,14710.2,14552.26
TRUE,0.0105,7/8/2021,14409.2,14559.78,14610.06,14371.59
FALSE,-0.006,7/7/2021,14753.41,14665.06,14755.33,14580.79
TRUE,0.0001,7/6/2021,14661.55,14663.64,14687,14529.8
TRUE,0.0039,7/2/2021,14582.98,14639.33,14649.11,14555.34
TRUE,0.002,7/1/2021,14493.69,14522.38,14533.55,14439.4
FALSE,-0.0004,6/30/2021,14509.85,14503.95,14526.81,14478.06
TRUE,0.0013,6/29/2021,14509.19,14528.33,14535.97,14471.38
TRUE,0.0057,6/28/2021,14417.81,14500.51,14505.19,14417.2
FALSE,-0.0028,6/25/2021,14400.81,14360.39,14409.08,14337.65
TRUE,0.0009,6/24/2021,14357.27,14369.71,14414.46,14333.7
TRUE,0.0006,6/23/2021,14263.38,14271.73,14317.66,14246.3
TRUE,0.0081,6/22/2021,14138.29,14253.27,14269.77,14121
TRUE,0.0067,6/21/2021,14047.42,14141.48,14150.78,13960.04
FALSE,-0.0047,6/18/2021,14096.93,14030.38,14129.22,14009.04
TRUE,0.0116,6/17/2021,13999.13,14161.35,14196.21,13998.93
FALSE,-0.0033,6/16/2021,14085.55,14039.68,14129.69,13903.73
FALSE,-0.0066,6/15/2021,14166.64,14072.86,14171.02,14052.16
TRUE,0.0064,6/14/2021,14083.47,14174.14,14175.45,14056.67
TRUE,0.0027,6/11/2021,14030.85,14069.42,14069.42,14006.59
TRUE,0.0062,6/10/2021,13933.88,14020.33,14031.19,13904.4
FALSE,-0.0049,6/9/2021,13980.23,13911.75,14003.5,13906.45
FALSE,-0.0015,6/8/2021,13946.32,13924.91,13981.72,13831.98
TRUE,0.0057,6/7/2021,13802.82,13881.72,13889.11,13784.89
TRUE,0.0086,6/4/2021,13697.25,13814.49,13826.82,13692.01
FALSE,-0.003,6/3/2021,13655.75,13614.51,13684.13,13548.93
TRUE,0.001,6/2/2021,13743.24,13756.33,13775.89,13689.74
FALSE,-0.0067,6/1/2021,13829.06,13736.48,13836.17,13678.77
FALSE,-0.0031,5/28/2021,13792.05,13748.74,13820.87,13747.61
FALSE,-0.0005,5/27/2021,13742.58,13736.28,13776.52,13701.63
TRUE,0.0032,5/26/2021,13693.94,13738,13750.16,13679.59
FALSE,-0.0047,5/25/2021,13721.54,13657.17,13751.14,13631.8
FALSE,0,5/24/2021,13661.17,13661.17,13708.85,13551.01
FALSE,-0.0107,5/21/2021,13616.19,13470.99,13616.58,13463.26
TRUE,0.0134,5/20/2021,13356.63,13535.74,13563.52,13355.71
TRUE,0.0169,5/19/2021,13078.19,13299.74,13304.61,13072.23
FALSE,-0.0084,5/18/2021,13416.9,13303.64,13485.34,13299.93
TRUE,0.0008,5/17/2021,13368.8,13379.05,13399.17,13265.4
TRUE,0.0093,5/14/2021,13255.65,13379.05,13460.88,13242.97
FALSE,-0.002,5/13/2021,13150.94,13124.99,13247.87,13007.24
FALSE,-0.0139,5/12/2021,13215.49,13031.68,13288.61,13002.54
TRUE,0.0019,5/11/2021,13363.99,13389.43,13423.31,13107.67
FALSE,-0.0209,5/10/2021,13687.59,13401.86,13687.93,13401.74
TRUE,0.0021,5/7/2021,13723.09,13752.24,13828.62,13690.75
TRUE,0.0055,5/6/2021,13557.83,13632.84,13635.73,13439.39
FALSE,-0.0108,5/5/2021,13731.13,13582.42,13753.05,13553.93
FALSE,-0.0102,5/4/2021,13774.51,13633.5,13795.57,13485.59
FALSE,-0.0097,5/3/2021,14031.77,13895.12,14042.12,13881.51
FALSE,-0.0006,4/30/2021,13970.73,13962.68,14084.76,13941.63
FALSE,-0.0086,4/29/2021,14204.51,14082.55,14211.57,13952.8
FALSE,-0.0023,4/28/2021,14082.78,14051.03,14133.65,14034.7
FALSE,-0.0057,4/27/2021,14170.91,14090.22,14171.24,14064.28
TRUE,0.0061,4/26/2021,14052.38,14138.78,14154.03,14019.5
TRUE,0.0112,4/23/2021,13861.37,14016.81,14062.74,13856.83
FALSE,-0.0096,4/22/2021,13952.57,13818.41,14015.87,13771.04
TRUE,0.0149,4/21/2021,13745.77,13950.22,13951.35,13706.86
FALSE,-0.0078,4/20/2021,13894.46,13786.27,13927.67,13698.67
FALSE,-0.005,4/19/2021,13984.58,13914.77,14041.79,13842.57
FALSE,-0.0005,4/16/2021,14059.11,14052.34,14062.5,13977.05
TRUE,0.004,4/15/2021,13983.23,14038.76,14049.13,13970.42
FALSE,-0.0105,4/14/2021,14005.27,13857.84,14033.63,13839.04
TRUE,0.0067,4/13/2021,13902.45,13996.1,14011.51,13902.45
FALSE,-0.0003,4/12/2021,13854.44,13850,13877,13783.95
TRUE,0.0082,4/9/2021,13787.01,13900.19,13905.41,13748.35
TRUE,0.0023,4/8/2021,13796.89,13829.31,13830.14,13758.71
TRUE,0.001,4/7/2021,13675.3,13688.84,13733.03,13653.59
TRUE,0.0012,4/6/2021,13681.67,13698.38,13776.71,13674.28
TRUE,0.0081,4/5/2021,13594.9,13705.59,13720.58,13582.76
TRUE,0.0049,4/1/2021,13414.32,13480.11,13487.08,13404.18
TRUE,0.0095,3/31/2021,13122.57,13246.87,13325.54,13118.38
TRUE,0.0028,3/30/2021,13008.8,13045.39,13075.75,12922.57
FALSE,-0.0034,3/29/2021,13103.97,13059.65,13143.41,12968.16
TRUE,0.011,3/26/2021,12996.03,13138.72,13149.55,12878.72
TRUE,0.0104,3/25/2021,12844.58,12977.68,13021.86,12786.81
FALSE,-0.0246,3/24/2021,13289.24,12961.89,13292.92,12961.35
FALSE,-0.0115,3/23/2021,13381.43,13227.7,13405.14,13202.43
TRUE,0.0074,3/22/2021,13278.78,13377.54,13455.64,13278.78
TRUE,0.0073,3/19/2021,13119.9,13215.24,13252.37,13039.45
FALSE,-0.0175,3/18/2021,13349.2,13116.17,13384.46,13101.92
TRUE,0.0141,3/17/2021,13336.91,13525.2,13595,13272.69
FALSE,-0.0038,3/16/2021,13523.17,13471.57,13620.71,13397.08
TRUE,0.0102,3/15/2021,13323.47,13459.71,13460.35,13272.5
TRUE,0.0073,3/12/2021,13222.81,13319.86,13324.69,13158.72
TRUE,0.0094,3/11/2021,13273.31,13398.67,13433.62,13246.33
FALSE,-0.0125,3/10/2021,13234.73,13068.83,13277.11,13035.44
TRUE,0.0117,3/9/2021,12923.07,13073.82,13151.54,12882.49
FALSE,-0.0229,3/8/2021,12904.26,12609.16,13001,12599.23
TRUE,0.0047,3/5/2021,12860.04,12920.15,12941.21,12397.05
FALSE,-0.0178,3/4/2021,12953.99,12723.47,13068.71,12553.96
FALSE,-0.0254,3/3/2021,13336.25,12997.75,13372.52,12995.07
FALSE,-0.0177,3/2/2021,13599.45,13358.79,13601.33,13352
TRUE,0.0136,3/1/2021,13406.16,13588.83,13596.59,13362.66
FALSE,0,2/26/2021,13192.35,13192.35,13368.06,13024.53
FALSE,-0.0291,2/25/2021,13512.64,13119.43,13602.86,13066.38
TRUE,0.0148,2/24/2021,13400.25,13597.97,13607.36,13286.59
TRUE,0.0153,2/23/2021,13262.61,13465.2,13526.09,13003.98
FALSE,-0.0132,2/22/2021,13714.2,13533.05,13757.06,13530.96
FALSE,-0.0039,2/19/2021,13929.2,13874.46,13985.58,13842.6
TRUE,0.0037,2/18/2021,13814.67,13865.36,13905.96,13714.35
TRUE,0.0039,2/17/2021,13911.65,13965.49,13976.43,13804.26
FALSE,-0.0074,2/16/2021,14152.21,14047.5,14175.11,13995.45
TRUE,0.0083,2/12/2021,13979.21,14095.47,14102.04,13937.71
FALSE,-0.0014,2/11/2021,14045.21,14025.77,14058.91,13916.85
FALSE,-0.0086,2/10/2021,14093.35,13972.53,14109.12,13845.47
TRUE,0.0029,2/9/2021,13966.81,14007.7,14044.95,13966.55
TRUE,0.0036,2/8/2021,13937.06,13987.64,13987.74,13894.15
TRUE,0.0023,2/5/2021,13824.88,13856.3,13878.16,13761.66
TRUE,0.0076,2/4/2021,13674.06,13777.74,13778.42,13631.62
FALSE,-0.0079,2/3/2021,13718.31,13610.54,13723.83,13585.34
TRUE,0.0051,2/2/2021,13543.1,13612.78,13652.69,13535.86
TRUE,0.0134,2/1/2021,13226.18,13403.39,13431.46,13132.47
FALSE,-0.0161,1/29/2021,13284.72,13070.69,13322,12985.05
TRUE,0.001,1/28/2021,13323.29,13337.16,13507.64,13316.52
FALSE,-0.016,1/27/2021,13486.58,13270.6,13538.42,13192.91
FALSE,-0.0041,1/26/2021,13681.72,13626.06,13702.69,13603.19
FALSE,-0.0033,1/25/2021,13681.21,13635.99,13728.98,13368.68
TRUE,0.0051,1/22/2021,13474.81,13543.06,13567.14,13463.66
TRUE,0.0007,1/21/2021,13521.48,13530.91,13560.35,13454.07
TRUE,0.0086,1/20/2021,13342.55,13457.25,13486.13,13329.77
TRUE,0.0049,1/19/2021,13132.73,13197.18,13206.86,13078.7
FALSE,-0.0077,1/15/2021,13099.9,12998.5,13139.83,12949.76
FALSE,-0.0047,1/14/2021,13174.75,13112.64,13220.16,13098.41
TRUE,0.0031,1/13/2021,13088.01,13128.95,13171.15,13051.06
TRUE,0.0008,1/12/2021,13062.06,13072.43,13105.04,12963.92
FALSE,-0.0009,1/11/2021,13048.78,13036.43,13138.27,12999.51
TRUE,0.0032,1/8/2021,13160.22,13201.98,13208.09,13036.55
TRUE,0.0156,1/7/2021,12867.34,13067.48,13090.91,12867.34
TRUE,0.0059,1/6/2021,12666.15,12740.79,12909.63,12649.99
TRUE,0.0121,1/5/2021,12665.65,12818.96,12828.27,12665.65
FALSE,-0.0201,1/4/2021,12958.52,12698.45,12958.72,12543.24
TRUE,0.0009,12/31/2020,12877.09,12888.28,12902.07,12821.23
FALSE,-0.0028,12/30/2020,12906.51,12870,12924.93,12857.76
FALSE,-0.0089,12/29/2020,12965.39,12850.22,12973.33,12821.96
FALSE,-0.0012,12/28/2020,12914.64,12899.42,12930.89,12827.45
TRUE,0.001,12/24/2020,12791.54,12804.73,12833.55,12767.64
FALSE,-0.005,12/23/2020,12834.94,12771.11,12841.92,12758.67
TRUE,0.0018,12/22/2020,12785.22,12807.92,12840.57,12695.31
TRUE,0.0116,12/21/2020,12596.14,12742.52,12751.27,12525.22
FALSE,-0.0038,12/18/2020,12804.93,12755.64,12809.6,12654.6
TRUE,0.0027,12/17/2020,12730.78,12764.75,12765.25,12696.35
TRUE,0.0037,12/16/2020,12611.04,12658.19,12687.32,12566.38
TRUE,0.0041,12/15/2020,12543.26,12595.06,12596.13,12465.42
FALSE,-0.0006,12/14/2020,12447.44,12440.04,12543,12432.71
TRUE,0.0033,12/11/2020,12336.79,12377.87,12383.5,12246.77
TRUE,0.0129,12/10/2020,12247.55,12405.81,12431.56,12214.74
FALSE,-0.0201,12/9/2020,12591.69,12338.95,12607.14,12290.78
TRUE,0.0064,12/8/2020,12503.17,12582.77,12594.54,12453.21
TRUE,0.0047,12/7/2020,12461,12519.95,12536.23,12460.55
TRUE,0.0052,12/4/2020,12399.32,12464.23,12464.23,12376.44
TRUE,0.0006,12/3/2020,12369.26,12377.18,12439.02,12356.99
TRUE,0.0052,12/2/2020,12285.75,12349.37,12360.06,12217.35
TRUE,0.0034,12/1/2020,12313.36,12355.11,12405.79,12263.93
FALSE,-0.0021,11/30/2020,12224.25,12198.74,12244.65,12027.16
TRUE,0.0038,11/27/2020,12159.18,12205.85,12236.23,12154.57
TRUE,0.0021,11/25/2020,12069.34,12094.4,12114.77,12020.95
TRUE,0.0082,11/24/2020,11939.33,12037.33,12049.88,11863.45
FALSE,-0.003,11/23/2020,11916.76,11881.17,11949.33,11796.53
FALSE,-0.0032,11/20/2020,11892.7,11854.97,11935.47,11852.51
TRUE,0.0107,11/19/2020,11779.04,11904.71,11912.63,11760.98
FALSE,-0.0079,11/18/2020,11896.06,11801.6,11942.49,11799.96
FALSE,-0.0012,11/17/2020,11913.35,11899.34,11950.18,11852.41
TRUE,0.0065,11/16/2020,11847.11,11924.13,11937.72,11814.89
TRUE,0.0029,11/13/2020,11794.94,11829.29,11849.79,11715.52
FALSE,-0.0079,11/12/2020,11802.5,11709.59,11847.84,11666.37
TRUE,0.0111,11/11/2020,11656.65,11786.43,11793.57,11638.9
FALSE,-0.0059,11/10/2020,11622.44,11553.86,11665.87,11424.61
FALSE,-0.0276,11/9/2020,12046.66,11713.78,12108.07,11703.49
TRUE,0.0021,11/6/2020,11869.9,11895.23,11920.54,11737.13
TRUE,0.0063,11/5/2020,11816.33,11890.93,11924.28,11784.15
TRUE,0.0128,11/4/2020,11443.77,11590.78,11663.31,11394.21
TRUE,0.011,11/3/2020,11038.66,11160.57,11213.92,11004.84
FALSE,-0.0048,11/2/2020,11010.45,10957.61,11071.08,10830.95
FALSE,-0.0173,10/30/2020,11103.47,10911.59,11129.81,10822.57
TRUE,0.0109,10/29/2020,11064.47,11185.59,11287.63,11030.19
FALSE,-0.0201,10/28/2020,11230.9,11004.87,11249.95,10999.07
TRUE,0.0019,10/27/2020,11409.34,11431.35,11465.06,11361.86
FALSE,-0.0071,10/26/2020,11440.64,11358.94,11545.63,11221.06
TRUE,0.0011,10/23/2020,11536,11548.28,11548.85,11434.86
FALSE,-0.0018,10/22/2020,11526.97,11506.01,11548.77,11369.29
FALSE,-0.004,10/21/2020,11530.39,11484.69,11613.79,11476.08
FALSE,-0.008,10/20/2020,11609.56,11516.49,11632.89,11471.23
FALSE,-0.0216,10/19/2020,11732.34,11478.88,11778.11,11454.57
FALSE,-0.0077,10/16/2020,11761.83,11671.56,11827.42,11648.53
TRUE,0.0133,10/15/2020,11559.88,11713.87,11740.68,11559.1
FALSE,-0.0101,10/14/2020,11889.07,11768.73,11939.92,11714.35
FALSE,-0.0032,10/13/2020,11901.76,11863.9,11946.98,11821.83
TRUE,0.0123,10/12/2020,11732.32,11876.26,11965.54,11704.13
TRUE,0.008,10/9/2020,11487.6,11579.94,11581.23,11476.66
FALSE,-0.002,10/8/2020,11443.35,11420.98,11448.23,11384.33
TRUE,0.0082,10/7/2020,11271.68,11364.6,11380.56,11258.35
FALSE,-0.0141,10/6/2020,11314.53,11154.6,11392.41,11124.45
TRUE,0.0146,10/5/2020,11169.11,11332.49,11335.21,11162.52
FALSE,-0.0007,10/2/2020,11082.53,11075.02,11244.87,11033.69
TRUE,0.0031,10/1/2020,11291.99,11326.51,11344.13,11240.53
TRUE,0.0067,9/30/2020,11092.9,11167.51,11277.96,11092.9
FALSE,-0.0021,9/29/2020,11109,11085.25,11153.23,11065.63
TRUE,0.003,9/28/2020,11084.38,11117.52,11120.79,11019.14
TRUE,0.0218,9/25/2020,10680.46,10913.56,10939.55,10639.98
TRUE,0.0115,9/24/2020,10551.02,10672.27,10799.55,10520.22
FALSE,-0.029,9/23/2020,10950.82,10632.99,10962.03,10612.91
TRUE,0.0083,9/22/2020,10873.3,10963.64,10979.65,10737.52
TRUE,0.023,9/21/2020,10536.08,10778.8,10782.74,10519.49
FALSE,-0.0164,9/18/2020,10973.45,10793.28,10977.68,10639.95
TRUE,0.0106,9/17/2020,10796.05,10910.28,10974.45,10783.81
FALSE,-0.0153,9/16/2020,11222.08,11050.47,11245.42,11046.43
FALSE,-0.001,9/15/2020,11201.25,11190.32,11244.46,11127.98
TRUE,0.0042,9/14/2020,11010.14,11056.65,11118.29,10982.26
FALSE,-0.0142,9/11/2020,11010.07,10853.55,11033.04,10728.03
FALSE,-0.0281,9/10/2020,11235.53,10919.59,11299.53,10875.02
TRUE,0.0069,9/9/2020,11064.76,11141.56,11217.69,10970.45
FALSE,-0.0049,9/8/2020,10900.69,10847.69,11131.5,10837.2
FALSE,-0.0073,9/4/2020,11396.24,11313.13,11531.18,10875.87
FALSE,-0.034,9/3/2020,11861.9,11458.1,11894.4,11361.36
TRUE,0.0008,9/2/2020,12047.26,12056.44,12074.06,11836.18
TRUE,0.0075,9/1/2020,11850.96,11939.67,11945.72,11794.78
TRUE,0.0048,8/31/2020,11718.81,11775.46,11829.84,11697.41
TRUE,0.0005,8/28/2020,11689.28,11695.63,11708.77,11634.77
FALSE,-0.0054,8/27/2020,11688.19,11625.34,11730.01,11551.01
TRUE,0.0129,8/26/2020,11516.62,11665.06,11672.05,11507.46
TRUE,0.0085,8/25/2020,11370.23,11466.47,11468.26,11343.04
FALSE,-0.0061,8/24/2020,11449.25,11379.72,11462.05,11297.53
TRUE,0.0047,8/21/2020,11258.44,11311.8,11326.21,11245.44
TRUE,0.0152,8/20/2020,11096.4,11264.95,11283.62,11090.03
FALSE,-0.0061,8/19/2020,11214.8,11146.46,11257.42,11132.1
TRUE,0.0036,8/18/2020,11170.75,11210.84,11230.61,11103.83
TRUE,0.0042,8/17/2020,11083.24,11129.73,11144.53,11080.3
FALSE,-0.0021,8/14/2020,11042.24,11019.3,11058.44,10972.06
TRUE,0.0014,8/13/2020,11026.86,11042.5,11124.85,11007.5
TRUE,0.0123,8/12/2020,10878.12,11012.24,11036.72,10877.16
FALSE,-0.0146,8/11/2020,10942.66,10782.82,10989.42,10762.71
FALSE,-0.0059,8/10/2020,11033.72,10968.36,11040.24,10849.46
FALSE,-0.0056,8/7/2020,11072.53,11010.98,11126.04,10920.37
TRUE,0.0107,8/6/2020,10989.98,11108.07,11121.19,10963.41
TRUE,0.0028,8/5/2020,10967.87,10998.4,11002.11,10943.72
TRUE,0.0022,8/4/2020,10916.9,10941.17,10941.91,10852.9
TRUE,0.005,8/3/2020,10848.64,10902.8,10927.56,10831.15
TRUE,0.0004,7/31/2020,10741.47,10745.27,10747.8,10557.7
TRUE,0.0132,7/30/2020,10450.12,10587.81,10609.59,10412.09
TRUE,0.0065,7/29/2020,10474.7,10542.94,10567.91,10464
FALSE,-0.0102,7/28/2020,10509.2,10402.09,10523.64,10397.87
TRUE,0.011,7/27/2020,10421.7,10536.27,10546.44,10399.86
TRUE,0.0067,7/24/2020,10294.41,10363.18,10418.75,10217.31
FALSE,-0.0213,7/23/2020,10689.5,10461.42,10728.12,10407.87
TRUE,0.0017,7/22/2020,10687.58,10706.13,10745.32,10627.45
FALSE,-0.0145,7/21/2020,10837.88,10680.36,10839.93,10650.46
TRUE,0.0229,7/20/2020,10526.02,10767.09,10783.8,10488.04
TRUE,0.0003,7/17/2020,10500.52,10503.19,10532.62,10421.21
TRUE,0.0029,7/16/2020,10443.87,10473.83,10499.79,10364.39
FALSE,-0.0025,7/15/2020,10576.72,10550.49,10604.67,10420.54
TRUE,0.0173,7/14/2020,10310.25,10488.58,10497.83,10182.46
FALSE,-0.0316,7/13/2020,10729.92,10390.84,10824.78,10368.04
TRUE,0.0068,7/10/2020,10545.91,10617.44,10622.35,10447.01
FALSE,-0.0015,7/9/2020,10563.72,10547.75,10578.1,10379.91
TRUE,0.008,7/8/2020,10409.35,10492.5,10494.63,10350.96
FALSE,-0.0066,7/7/2020,10412.46,10343.89,10518.98,10337.98
TRUE,0.0071,7/6/2020,10360.38,10433.65,10462.05,10354.98
FALSE,-0.0059,7/2/2020,10268.67,10207.63,10310.36,10194.06
TRUE,0.009,7/1/2020,10063.67,10154.63,10197.19,10048.04
TRUE,0.0186,6/30/2020,9875.29,10058.77,10085.59,9863.67
TRUE,0.0105,6/29/2020,9771.72,9874.15,9877.34,9663.61
FALSE,-0.0238,6/26/2020,9995.12,9757.22,10000.67,9749.07
TRUE,0.0119,6/25/2020,9899.36,10017,10023.28,9810.47
FALSE,-0.0182,6/24/2020,10092.92,9909.17,10137.5,9842.22
TRUE,0.0001,6/23/2020,10130.83,10131.37,10221.85,10112.44
TRUE,0.0112,6/22/2020,9945.49,10056.47,10059.61,9916.6
FALSE,-0.0096,6/19/2020,10042.13,9946.12,10053.91,9872.94
TRUE,0.0051,6/18/2020,9892.48,9943.05,9959.2,9885.66
FALSE,-0.0033,6/17/2020,9943.31,9910.53,9991.21,9891.81
FALSE,-0.0054,6/16/2020,9949.78,9895.87,9963.63,9748.38
TRUE,0.0317,6/15/2020,9426.9,9726.02,9756.07,9403
FALSE,-0.0131,6/12/2020,9715.87,9588.81,9768.64,9413.62
FALSE,-0.0305,6/11/2020,9791.24,9492.73,9868.08,9491.3
TRUE,0.0008,6/10/2020,10012.32,10020.35,10086.89,9962.58
TRUE,0.0088,6/9/2020,9867.19,9953.75,10002.5,9863.27
TRUE,0.0103,6/8/2020,9823.44,9924.74,9927.13,9780.61
TRUE,0.0114,6/5/2020,9703.54,9814.08,9845.69,9685.35
FALSE,-0.0035,6/4/2020,9649.65,9615.81,9716.14,9560.41
TRUE,0.0032,6/3/2020,9651.86,9682.91,9707.78,9627.18
TRUE,0.0044,6/2/2020,9566.53,9608.37,9611.22,9472.08
TRUE,0.0085,6/1/2020,9471.42,9552.05,9571.28,9462.32
TRUE,0.0115,5/29/2020,9382.35,9489.87,9505.55,9324.73
FALSE,-0.0026,5/28/2020,9392.99,9368.99,9523.64,9345.28
TRUE,0.0071,5/27/2020,9346.12,9412.36,9414.62,9144.28
FALSE,-0.0169,5/26/2020,9501.21,9340.22,9501.21,9333.16
TRUE,0.005,5/22/2020,9278.55,9324.59,9328.28,9239.41
FALSE,-0.0096,5/21/2020,9375.19,9284.88,9405.25,9254.85
TRUE,0.0075,5/20/2020,9305.62,9375.78,9392.82,9304.2
FALSE,-0.0046,5/19/2020,9227.46,9185.1,9317.25,9183.25
TRUE,0.0063,5/18/2020,9177.15,9234.83,9267.22,9154.35
TRUE,0.0197,5/15/2020,8839.99,9014.56,9018.4,8821.38
TRUE,0.0177,5/14/2020,8788.04,8943.72,8945.71,8705.25
FALSE,-0.0159,5/13/2020,9006.05,8863.17,9074.16,8752.68
FALSE,-0.0241,5/12/2020,9225.14,9002.55,9250.96,9000.06
TRUE,0.0152,5/11/2020,9054.91,9192.34,9241.92,9053.17
TRUE,0.0071,5/8/2020,9056.89,9121.32,9125.98,9018.21
TRUE,0.0007,5/7/2020,8973.78,8979.66,9015.99,8932.85
FALSE,-0.0023,5/6/2020,8874.7,8854.39,8933.25,8819.37
FALSE,-0.0001,5/5/2020,8809.66,8809.12,8909.96,8781.31
TRUE,0.0182,5/4/2020,8555.32,8710.71,8715.82,8537.83
FALSE,-0.0088,5/1/2020,8681.29,8604.95,8754.46,8566.84
FALSE,-0.0024,4/30/2020,8911.01,8889.55,8926.11,8825.83
TRUE,0.0127,4/29/2020,8802.7,8914.71,8957.26,8765.01
FALSE,-0.0247,4/28/2020,8825.68,8607.73,8830.57,8600.7
TRUE,0.0014,4/27/2020,8717.98,8730.16,8754.57,8697.37
TRUE,0.0122,4/24/2020,8530.08,8634.52,8642.93,8464.42
FALSE,-0.004,4/23/2020,8528.84,8494.75,8635.22,8475.2
TRUE,0.0072,4/22/2020,8434.55,8495.38,8537.31,8404.54
FALSE,-0.0233,4/21/2020,8460.69,8263.23,8480.29,8215.69
TRUE,0.0009,4/20/2020,8553.37,8560.73,8684.91,8553.37
FALSE,-0.002,4/17/2020,8667.48,8650.14,8670.3,8531.69
TRUE,0.0063,4/16/2020,8479.11,8532.36,8560.16,8393.27
TRUE,0.0045,4/15/2020,8355.96,8393.18,8464.66,8308.79
TRUE,0.0195,4/14/2020,8353.21,8515.74,8531.11,8338.09
TRUE,0.008,4/13/2020,8127.69,8192.42,8200.44,8035.95
FALSE,-0.0019,4/9/2020,8169.01,8153.58,8227.91,8072.32
TRUE,0.0144,4/8/2020,7975.72,8090.9,8114.43,7901.94
FALSE,-0.0299,4/7/2020,8129.99,7887.26,8146.43,7881.22
TRUE,0.033,4/6/2020,7660.17,7913.24,7938.33,7617.79
FALSE,-0.0139,4/3/2020,7477.27,7373.08,7518.72,7288.11
TRUE,0.0232,4/2/2020,7317.45,7487.31,7501.7,7307.95
FALSE,-0.0133,4/1/2020,7459.5,7360.58,7566.37,7301.98
FALSE,-0.0052,3/31/2020,7740.06,7700.1,7880.31,7642.86
TRUE,0.0251,3/30/2020,7583.46,7774.15,7784.35,7539.97
FALSE,-0.0069,3/27/2020,7554.25,7502.38,7716.24,7491.13
TRUE,0.0449,3/26/2020,7462.21,7797.54,7809.82,7462.21
FALSE,-0.005,3/25/2020,7421.36,7384.3,7671.21,7276.4
TRUE,0.0308,3/24/2020,7196.15,7417.86,7418.37,7169.86
TRUE,0.002,3/23/2020,6847.28,6860.67,6984.94,6631.42
FALSE,-0.0508,3/20/2020,7248.07,6879.52,7354.44,6854.67
TRUE,0.022,3/19/2020,6996.45,7150.58,7341.38,6858.38
TRUE,0.0127,3/18/2020,6902.32,6989.84,7182.83,6686.36
TRUE,0.0372,3/17/2020,7072,7334.78,7406.23,6828.91
FALSE,-0.066,3/16/2020,7392.73,6904.59,7422.2,6882.86
TRUE,0.0348,3/13/2020,7610.39,7874.88,7875.93,7219.09
FALSE,-0.0266,3/12/2020,7398.58,7201.8,7712.33,7194.67
FALSE,-0.0226,3/11/2020,8136.25,7952.05,8181.36,7850.95
TRUE,0.0151,3/10/2020,8219.76,8344.25,8347.4,7930.43
FALSE,-0.0009,3/9/2020,7957.93,7950.68,8243.31,7943.16
TRUE,0.0126,3/6/2020,8469.02,8575.62,8612.36,8375.13
FALSE,-0.0059,3/5/2020,8790.09,8738.6,8921.08,8677.39
TRUE,0.0208,3/4/2020,8834.1,9018.09,9019.96,8757.66
FALSE,-0.0313,3/3/2020,8965.1,8684.09,9070.32,8602.89
TRUE,0.0329,3/2/2020,8667.14,8952.16,8952.81,8543.35
TRUE,0.036,2/28/2020,8269.74,8567.37,8591.82,8264.16
FALSE,-0.0203,2/27/2020,8744.03,8566.48,8904.11,8562.05
FALSE,-0.0034,2/26/2020,9011.55,8980.77,9148.32,8927.8
FALSE,-0.0361,2/25/2020,9301.2,8965.61,9315.26,8940.49
TRUE,0.0036,2/24/2020,9188.44,9221.28,9322.88,9166.01
FALSE,-0.0135,2/21/2020,9708.01,9576.59,9715.95,9542.33
FALSE,-0.0049,2/20/2020,9799.2,9750.96,9820.86,9636.94
TRUE,0.0035,2/19/2020,9782.81,9817.18,9838.37,9777.1
TRUE,0.0055,2/18/2020,9679.04,9732.74,9747.68,9675.8
TRUE,0.0002,2/14/2020,9728.9,9731.18,9746.36,9693.05
TRUE,0.0057,2/13/2020,9657.04,9711.97,9748.32,9650.02
TRUE,0.0039,2/12/2020,9688.6,9725.96,9728.77,9666.68
FALSE,-0.0043,2/11/2020,9680.89,9638.94,9714.74,9617.21
TRUE,0.0142,2/10/2020,9493.63,9628.39,9628.66,9493.63
FALSE,-0.0006,2/7/2020,9526.64,9520.51,9570.09,9496.53
TRUE,0.0033,2/6/2020,9540.98,9572.15,9575.66,9505.68
FALSE,-0.0068,2/5/2020,9574.1,9508.68,9574.94,9454.93
TRUE,0.0074,2/4/2020,9398.39,9467.97,9485.38,9374.05
TRUE,0.009,2/3/2020,9190.72,9273.4,9299.85,9188.55
FALSE,-0.0144,1/31/2020,9284.93,9150.94,9324.8,9123.22
TRUE,0.0095,1/30/2020,9211.15,9298.93,9303,9185.18
FALSE,-0.0046,1/29/2020,9318.26,9275.16,9329.11,9249.04
TRUE,0.0074,1/28/2020,9201.82,9269.68,9288.87,9182.33
TRUE,0.0052,1/27/2020,9092.46,9139.31,9185.45,9088.04
FALSE,-0.0139,1/24/2020,9446.2,9314.91,9451.43,9273.23
TRUE,0.0026,1/23/2020,9377.72,9402.48,9409.2,9334.13
FALSE,-0.0032,1/22/2020,9413.61,9383.77,9439.29,9375.13
TRUE,0.001,1/21/2020,9361.07,9370.81,9397.58,9350.2
FALSE,-0.0004,1/17/2020,9392.37,9388.94,9393.48,9346.81
TRUE,0.0047,1/16/2020,9313.45,9357.13,9357.92,9301.32
TRUE,0.0005,1/15/2020,9253.76,9258.7,9298.82,9231.14
FALSE,-0.0021,1/14/2020,9270.61,9251.33,9298.33,9226.49
TRUE,0.0065,1/13/2020,9213.72,9273.93,9274.49,9193.06
FALSE,-0.0059,1/10/2020,9232.94,9178.86,9235.2,9164.66
TRUE,0.0001,1/9/2020,9202.27,9203.43,9215.95,9158.5
TRUE,0.0068,1/8/2020,9068.03,9129.24,9168.89,9059.38
FALSE,-0.0009,1/7/2020,9076.64,9068.58,9091.93,9042.55
TRUE,0.0143,1/6/2020,8943.5,9071.46,9072.41,8943.5
TRUE,0.0049,1/3/2020,8976.43,9020.77,9065.76,8976.43
TRUE,0.0058,1/2/2020,9039.46,9092.19,9093.43,9010.89
TRUE,0.006,12/31/2019,8918.74,8972.6,8975.35,8912.77
FALSE,-0.0065,12/30/2019,9004.45,8945.99,9006.36,8909.19
FALSE,-0.0047,12/27/2019,9049.47,9006.62,9052,8987.32
TRUE,0.0058,12/26/2019,8970.21,9022.39,9022.46,8968.45
FALSE,-0.0002,12/24/2019,8955.01,8952.88,8957.12,8934.36
FALSE,-0.0005,12/23/2019,8950.2,8945.65,8956.64,8934.55
TRUE,0.0015,12/20/2019,8911.84,8924.96,8931.91,8901.87
TRUE,0.0055,12/19/2019,8838.97,8887.22,8888.13,8838.97
FALSE,-0.0008,12/18/2019,8834.65,8827.73,8848.76,8820.42
FALSE,-0.0007,12/17/2019,8829.47,8823.36,8831.99,8804.6
TRUE,0.0026,12/16/2019,8791.31,8814.23,8833.45,8789.77
TRUE,0.0024,12/13/2019,8713.91,8734.88,8768.87,8697.58
TRUE,0.0083,12/12/2019,8645.36,8717.32,8745.82,8633.6
TRUE,0.0027,12/11/2019,8631.12,8654.05,8658.48,8622.35
FALSE,-0.0009,12/10/2019,8623.56,8616.18,8650.76,8600.82
FALSE,-0.0034,12/9/2019,8650.86,8621.83,8678.85,8619.77
TRUE,0.0026,12/6/2019,8634.25,8656.53,8665.44,8630.57
FALSE,-0.002,12/5/2019,8587.93,8570.7,8588.89,8541.92
TRUE,0.0011,12/4/2019,8557.45,8566.67,8584.88,8552.38
TRUE,0.0071,12/3/2019,8460.72,8520.64,8523.98,8435.4
FALSE,-0.0121,12/2/2019,8672.84,8567.99,8672.84,8540.16
FALSE,-0.0019,11/29/2019,8682.01,8665.47,8697.32,8664.04
TRUE,0.0041,11/27/2019,8669.59,8705.18,8705.91,8662.58
TRUE,0.0015,11/26/2019,8635.4,8647.93,8659.73,8625.62
TRUE,0.0085,11/25/2019,8559.65,8632.49,8633.15,8559.65
FALSE,-0.0012,11/22/2019,8530.54,8519.88,8535.46,8477.49
FALSE,-0.0025,11/21/2019,8527.87,8506.21,8530.73,8487.29
FALSE,-0.002,11/20/2019,8543.57,8526.73,8578.27,8468.63
FALSE,-0.0009,11/19/2019,8578.02,8570.66,8589.76,8536.73
TRUE,0.0024,11/18/2019,8529.16,8549.94,8559.78,8503.62
TRUE,0.0019,11/15/2019,8524.48,8540.83,8540.83,8506.8
TRUE,0.0021,11/14/2019,8461.06,8479.02,8485.36,8441.58
TRUE,0.0032,11/13/2019,8455.02,8482.1,8496.9,8451.34
TRUE,0.0018,11/12/2019,8471.07,8486.09,8514.84,8462.99
TRUE,0.0039,11/11/2019,8431.26,8464.28,8467.29,8425.48
TRUE,0.0062,11/8/2019,8422.67,8475.31,8475.57,8405.89
FALSE,-0.0024,11/7/2019,8455.11,8434.52,8483.16,8415.87
FALSE,-0.0019,11/6/2019,8426.57,8410.63,8426.57,8379.33
FALSE,-0.0014,11/5/2019,8446.62,8434.68,8457.39,8421.05
FALSE,-0.0015,11/4/2019,8445.5,8433.2,8451.37,8421.3
TRUE,0.0062,11/1/2019,8335.05,8386.4,8386.75,8326.56
FALSE,-0.0026,10/31/2019,8314.38,8292.36,8321.8,8248.81
TRUE,0.0024,10/30/2019,8284.28,8303.98,8315.5,8241.7
FALSE,-0.0044,10/29/2019,8313.35,8276.85,8319.29,8275.14
TRUE,0.0049,10/28/2019,8285.77,8325.99,8335.56,8285.27
TRUE,0.0114,10/25/2019,8150.59,8243.12,8249.97,8150.59
TRUE,0.0007,10/24/2019,8180.04,8185.8,8187.84,8137.66
TRUE,0.0037,10/23/2019,8090.24,8119.79,8122.88,8078.35
FALSE,-0.0102,10/22/2019,8188.12,8104.3,8194.62,8101.98
TRUE,0.0031,10/21/2019,8137.42,8162.99,8164.14,8117.26
FALSE,-0.0074,10/18/2019,8149.85,8089.54,8157.36,8045.37
FALSE,-0.0025,10/17/2019,8176.91,8156.85,8183.64,8131.25
TRUE,0.0005,10/16/2019,8119.81,8124.18,8146.15,8103.38
TRUE,0.0091,10/15/2019,8074.85,8148.71,8166.18,8071.81
TRUE,0.0005,10/14/2019,8044.35,8048.65,8069.85,8036.41
FALSE,-0.0035,10/11/2019,8085.2,8057.04,8115.8,8046.8
TRUE,0.0058,10/10/2019,7904.56,7950.78,7982.84,7899.81
TRUE,0.001,10/9/2019,7895.96,7903.74,7930.92,7873.52
FALSE,-0.0094,10/8/2019,7898.27,7823.78,7921.88,7823.73
FALSE,0,10/7/2019,7956.41,7956.29,8013.31,7942.08
TRUE,0.0094,10/4/2019,7908.44,7982.47,7986.62,7899.39
TRUE,0.0109,10/3/2019,7787.02,7872.26,7872.26,7700
FALSE,-0.0084,10/2/2019,7851.13,7785.25,7852.7,7744.96
FALSE,-0.0147,10/1/2019,8026.83,7908.68,8062.5,7906.29
TRUE,0.0044,9/30/2019,7964.09,7999.34,8012.16,7949.63
FALSE,-0.0134,9/27/2019,8047.11,7939.63,8051.83,7890.28
FALSE,-0.0049,9/26/2019,8070.12,8030.66,8072.11,7991.02
TRUE,0.0109,9/25/2019,7990.66,8077.38,8095,7935.57
FALSE,-0.0189,9/24/2019,8147.23,7993.63,8158.83,7969.65
TRUE,0.0007,9/23/2019,8106.49,8112.46,8135.81,8085.34
FALSE,-0.0082,9/20/2019,8184.88,8117.67,8202.82,8086.16
FALSE,-0.0013,9/19/2019,8193.59,8182.88,8237.43,8174.32
TRUE,0.0003,9/18/2019,8174.62,8177.39,8179.87,8086.22
TRUE,0.0046,9/17/2019,8148.65,8186.02,8188.23,8139.82
TRUE,0.0039,9/16/2019,8121.64,8153.54,8165.33,8121.25
FALSE,-0.0017,9/13/2019,8190.57,8176.71,8210.2,8165.47
FALSE,-0.0015,9/12/2019,8206.58,8194.47,8243.8,8176.73
TRUE,0.0096,9/11/2019,8091.68,8169.68,8169.68,8081.56
TRUE,0.0042,9/10/2019,8049.98,8084.16,8086.53,8001.68
FALSE,-0.0053,9/9/2019,8130.91,8087.44,8131.66,8052.34
FALSE,-0.0028,9/6/2019,8125.58,8103.07,8134.39,8098.52
TRUE,0.0069,9/5/2019,8061.29,8116.83,8134.42,8061.29
TRUE,0.0034,9/4/2019,7949.81,7976.88,7981.41,7928.94
FALSE,-0.0041,9/3/2019,7906.44,7874.16,7940.37,7847.32
FALSE,-0.0065,8/30/2019,8015.16,7962.88,8017.91,7914.74
TRUE,0.0035,8/29/2019,7945.78,7973.39,7992.29,7925.83
TRUE,0.0075,8/28/2019,7798.35,7856.88,7866.87,7766.67
FALSE,-0.0103,8/27/2019,7908.78,7826.95,7916.83,7795.18
TRUE,0.0031,8/26/2019,7829.58,7853.74,7856.04,7789.05
FALSE,-0.0242,8/23/2019,7943.65,7751.77,8005.34,7730.77
FALSE,-0.0059,8/22/2019,8038.79,7991.39,8048.58,7937.12
TRUE,0.0004,8/21/2019,8017.07,8020.21,8036.94,7998.5
FALSE,-0.0051,8/20/2019,7989.36,7948.56,8010.58,7948.09
FALSE,-0.0004,8/19/2019,8006.18,8002.81,8026.75,7974.36
TRUE,0.0086,8/16/2019,7828.35,7895.99,7907.52,7828.35
FALSE,-0.003,8/15/2019,7790.2,7766.62,7805.93,7716.55
FALSE,-0.0131,8/14/2019,7877.33,7773.94,7900.28,7762.87
TRUE,0.0209,8/13/2019,7852.37,8016.36,8065.24,7851.58
FALSE,-0.0056,8/12/2019,7907.49,7863.41,7924.99,7833.79
FALSE,-0.0048,8/9/2019,7997.19,7959.14,8020.56,7910.35
TRUE,0.0148,8/8/2019,7921.59,8039.16,8041.12,7896.15
TRUE,0.0149,8/7/2019,7747.27,7862.83,7881.38,7702.42
TRUE,0.0037,8/6/2019,7804.51,7833.27,7845.01,7739.57
FALSE,-0.0124,8/5/2019,7823.33,7726.04,7836.45,7662.9
FALSE,-0.0065,8/2/2019,8056.42,8004.07,8068.8,7953.67
FALSE,-0.0097,8/1/2019,8190.56,8111.12,8311.04,8080.52
FALSE,-0.0139,7/31/2019,8290.8,8175.42,8299.83,8110.02
TRUE,0.0051,7/30/2019,8231.77,8273.61,8295.46,8228.02
FALSE,-0.0038,7/29/2019,8325.1,8293.33,8325.28,8247.37
TRUE,0.0043,7/26/2019,8294.3,8330.21,8339.64,8291.12
FALSE,-0.0068,7/25/2019,8294.68,8238.54,8295.95,8233.4
TRUE,0.0114,7/24/2019,8227.36,8321.5,8321.81,8226.5
TRUE,0.0011,7/23/2019,8242.5,8251.4,8251.83,8193.89
TRUE,0.0039,7/22/2019,8171.99,8204.14,8218.42,8171.54
FALSE,-0.0115,7/19/2019,8241.34,8146.49,8245.78,8144.63
TRUE,0.0068,7/18/2019,8151.76,8207.24,8215.58,8135.12
FALSE,-0.0047,7/17/2019,8224,8185.21,8230.67,8184.66
FALSE,-0.0035,7/16/2019,8251.66,8222.8,8259.75,8204.23
FALSE,-0.0006,7/15/2019,8263.18,8258.19,8264.78,8236.27
TRUE,0.0043,7/12/2019,8209.2,8244.14,8245.66,8201.52
FALSE,-0.0028,7/11/2019,8219.28,8196.04,8226.18,8171.63
TRUE,0.0024,7/10/2019,8183.19,8202.53,8228.6,8160.56
TRUE,0.01,7/9/2019,8061.41,8141.73,8146.98,8061.32
FALSE,-0.0018,7/8/2019,8112.91,8098.38,8112.91,8078.39
TRUE,0.0047,7/5/2019,8123.28,8161.79,8171.97,8093.66
TRUE,0.005,7/3/2019,8129.57,8170.23,8170.23,8122.34
TRUE,0.0028,7/2/2019,8086.65,8109.09,8109.37,8063.1
FALSE,-0.0067,7/1/2019,8145.85,8091.16,8150.45,8059.29
TRUE,0.0022,6/28/2019,7988.76,8006.24,8010.15,7961.46
TRUE,0.0036,6/27/2019,7939.36,7967.76,7976.58,7935.47
FALSE,-0.003,6/26/2019,7933.92,7909.97,7974.28,7903.07
FALSE,-0.0151,6/25/2019,8005.27,7884.72,8007.31,7879.15
FALSE,-0.0043,6/24/2019,8040.58,8005.7,8047.56,8004.63
TRUE,0.0004,6/21/2019,8028.69,8031.71,8073.02,8011.2
FALSE,-0.0045,6/20/2019,8087.45,8051.34,8088.88,7996.87
TRUE,0.0021,6/19/2019,7970.26,7987.32,7998.59,7930.38
TRUE,0.0042,6/18/2019,7920.98,7953.88,8005.21,7911.67
TRUE,0.0033,6/17/2019,7819.43,7845.02,7865.98,7812.61
FALSE,-0.0013,6/14/2019,7807.19,7796.66,7819.21,7778.12
TRUE,0.0019,6/13/2019,7822.56,7837.13,7848.36,7813.6
FALSE,-0.0013,6/12/2019,7803.13,7792.72,7819.16,7773.97
FALSE,-0.0099,6/11/2019,7901.04,7822.57,7909.99,7798.63
TRUE,0.0031,6/10/2019,7798.87,7823.17,7895.44,7795.76
TRUE,0.0116,6/7/2019,7652.97,7742.1,7767.02,7647.91
TRUE,0.0044,6/6/2019,7582.24,7615.55,7634.12,7546.22
FALSE,-0.0013,6/5/2019,7585.68,7575.48,7589.47,7498.17
TRUE,0.0153,6/4/2019,7413.94,7527.12,7529.5,7385.02
FALSE,-0.0145,6/3/2019,7441.21,7333.02,7457.66,7292.22
FALSE,-0.0024,5/31/2019,7470.95,7453.15,7506.86,7448.23
TRUE,0.0003,5/30/2019,7565.46,7567.72,7595.9,7527.66
FALSE,-0.0008,5/29/2019,7553.02,7547.31,7581.11,7503.94
FALSE,-0.0063,5/28/2019,7655.66,7607.35,7693.74,7603.76
FALSE,-0.005,5/24/2019,7675.57,7637.01,7694.15,7631.25
FALSE,-0.0042,5/23/2019,7660.72,7628.28,7665.15,7585.32
TRUE,0.0001,5/22/2019,7749.8,7750.84,7786.33,7738.35
TRUE,0.0026,5/21/2019,7765.57,7785.72,7804.44,7752.92
FALSE,-0.0015,5/20/2019,7714.06,7702.38,7747.27,7678.35
FALSE,-0.0016,5/17/2019,7829.03,7816.28,7918.71,7810.35
TRUE,0.0084,5/16/2019,7832.58,7898.05,7946.23,7826.67
TRUE,0.0181,5/15/2019,7682.8,7822.15,7838.72,7682.24
TRUE,0.0058,5/14/2019,7689.66,7734.49,7776.2,7665.3
FALSE,-0.0095,5/13/2019,7720.07,7647.02,7760.83,7627.22
TRUE,0.0045,5/10/2019,7881.31,7916.94,7949.34,7759.34
TRUE,0.0073,5/9/2019,7853.21,7910.59,7929.78,7796.16
FALSE,-0.0004,5/8/2019,7946.24,7943.32,8004.49,7923.35
FALSE,-0.0099,5/7/2019,8043.52,7963.76,8070.97,7899.02
TRUE,0.0177,5/6/2019,7981.85,8123.29,8135.54,7981.85
TRUE,0.0088,5/3/2019,8092.88,8164,8164.71,8084.8
FALSE,-0.0012,5/2/2019,8046.48,8036.77,8094.06,7976.77
FALSE,-0.0102,5/1/2019,8132.93,8049.64,8146,8048.23
FALSE,-0.0012,4/30/2019,8104.91,8095.39,8124.61,8050.55
TRUE,0.0017,4/29/2019,8147.65,8161.85,8176.08,8136.41
TRUE,0.0057,4/26/2019,8100.28,8146.4,8146.42,8060.89
FALSE,-0.0039,4/25/2019,8150.85,8118.68,8151.84,8075.41
FALSE,-0.0026,4/24/2019,8122.88,8102.01,8139.55,8101.7
TRUE,0.0117,4/23/2019,8026.75,8120.82,8128.87,8023.81
TRUE,0.0058,4/22/2019,7969.37,8015.27,8017.15,7965.9
FALSE,0,4/18/2019,7998.45,7998.06,8002.31,7950.97
FALSE,-0.0061,4/17/2019,8044.97,7996.08,8052.4,7973.38
FALSE,0,4/16/2019,8000.57,8000.23,8017.56,7978.81
FALSE,-0.0014,4/15/2019,7987.16,7976.01,7993.33,7933.56
FALSE,0,4/12/2019,7984.15,7984.16,7992.09,7952.61
FALSE,-0.0035,4/11/2019,7975.2,7947.36,7975.2,7933.41
TRUE,0.0052,4/10/2019,7922.73,7964.24,7965.33,7916.9
FALSE,-0.002,4/9/2019,7924.77,7909.28,7945.55,7897.61
TRUE,0.0037,4/8/2019,7924.89,7953.88,7955.9,7891.85
TRUE,0.0031,4/5/2019,7914.51,7938.69,7940.45,7909.14
FALSE,-0.0003,4/4/2019,7894.26,7891.78,7917.65,7844.96
TRUE,0.0006,4/3/2019,7891.18,7895.55,7938.26,7870.9
TRUE,0.0031,4/2/2019,7824.61,7848.69,7854.92,7811.28
TRUE,0.0037,4/1/2019,7800.24,7828.91,7831.45,7777.09
TRUE,0.0003,3/29/2019,7726.71,7729.32,7733.62,7688.51
TRUE,0.0012,3/28/2019,7660.07,7669.17,7689.16,7619.82
FALSE,-0.0076,3/27/2019,7702.05,7643.38,7712.84,7582.09
FALSE,-0.0011,3/26/2019,7700,7691.52,7738.17,7649.21
TRUE,0.0024,3/25/2019,7618.98,7637.54,7662.38,7579.29
FALSE,-0.0202,3/22/2019,7800.25,7642.67,7817.83,7642.57
TRUE,0.0173,3/21/2019,7705.43,7838.96,7850.11,7705.43
TRUE,0.0009,3/20/2019,7721.95,7728.97,7779.24,7674.04
FALSE,-0.003,3/19/2019,7747.4,7723.95,7767.89,7699.15
TRUE,0.0024,3/18/2019,7696.38,7714.48,7737.67,7677.74
TRUE,0.0039,3/15/2019,7658.41,7688.53,7714.96,7652.04
FALSE,-0.0018,3/14/2019,7644.79,7630.91,7653.1,7627.02
TRUE,0.0029,3/13/2019,7621.38,7643.41,7677.07,7619.46
TRUE,0.0025,3/12/2019,7571.85,7591.03,7611.13,7560.46
TRUE,0.0155,3/11/2019,7442.56,7558.06,7558.23,7442.4
TRUE,0.0101,3/8/2019,7334.35,7408.14,7411.52,7332.92
FALSE,-0.0083,3/7/2019,7483.79,7421.46,7489.08,7397.19
FALSE,-0.0092,3/6/2019,7575.38,7505.92,7579.02,7499.87
FALSE,-0.0008,3/5/2019,7582.29,7576.36,7598.66,7543.54
FALSE,-0.0077,3/4/2019,7636.62,7577.57,7643.66,7501.56
TRUE,0.001,3/1/2019,7587.45,7595.35,7603.04,7540.75
FALSE,-0.0001,2/28/2019,7533.31,7532.53,7561.9,7516.48
TRUE,0.0037,2/27/2019,7526.42,7554.51,7562.29,7485.39
TRUE,0.0019,2/26/2019,7535.29,7549.3,7573.22,7524.31
FALSE,-0.0041,2/25/2019,7585.3,7554.46,7602.69,7551.61
TRUE,0.0061,2/22/2019,7481.63,7527.54,7527.54,7479.01
FALSE,-0.0021,2/21/2019,7475.41,7459.71,7485.75,7430.89
FALSE,-0.0002,2/20/2019,7490.31,7489.07,7513.7,7455.25
TRUE,0.0048,2/19/2019,7450.75,7486.77,7507.79,7450.27
TRUE,0.0005,2/15/2019,7468.57,7472.41,7477.28,7440.26
TRUE,0.005,2/14/2019,7390.25,7426.95,7454.42,7375.71
FALSE,-0.0023,2/13/2019,7437.46,7420.38,7461.66,7413.84
TRUE,0.0076,2/12/2019,7358.85,7414.62,7419.43,7349.8
FALSE,-0.0027,2/11/2019,7327.37,7307.9,7343.56,7290.03
TRUE,0.0091,2/8/2019,7232.3,7298.2,7299.44,7225.14
FALSE,-0.0038,2/7/2019,7316.5,7288.35,7336.74,7235.05
FALSE,-0.0034,2/6/2019,7400.44,7375.28,7410.77,7346.72
TRUE,0.0062,2/5/2019,7356.34,7402.08,7408.68,7355.36
TRUE,0.0112,2/4/2019,7266.28,7347.54,7348.23,7261.07
TRUE,0.001,2/1/2019,7256.37,7263.87,7299.94,7243.41
TRUE,0.0102,1/31/2019,7208.17,7281.74,7303.12,7205.95
TRUE,0.0124,1/30/2019,7094.79,7183.08,7201.31,7065.57
FALSE,-0.0084,1/29/2019,7087.49,7028.29,7092.29,7011.47
TRUE,0.0015,1/28/2019,7075.01,7085.68,7086.3,7034.25
TRUE,0.0051,1/25/2019,7128.18,7164.86,7174.56,7111.09
TRUE,0.0044,1/24/2019,7042.25,7073.46,7078.96,7029.95
FALSE,-0.0051,1/23/2019,7061.65,7025.77,7084.85,6953.23
FALSE,-0.0125,1/22/2019,7109.57,7020.36,7110.16,6979.81
TRUE,0.0032,1/18/2019,7134.09,7157.23,7185.38,7096.62
TRUE,0.0106,1/17/2019,7010.13,7084.46,7113.95,7003.62
TRUE,0.0001,1/16/2019,7033.75,7034.69,7079.63,7028.12
TRUE,0.0133,1/15/2019,6931.39,7023.83,7025.85,6928.12
FALSE,-0.0003,1/14/2019,6908.03,6905.92,6936.22,6887.48
TRUE,0.0035,1/11/2019,6947.46,6971.48,6975.65,6933.6
TRUE,0.0112,1/10/2019,6908.65,6986.07,6991.37,6877.08
TRUE,0.0049,1/9/2019,6923.06,6957.08,6985.22,6899.56
TRUE,0.0005,1/8/2019,6893.44,6897,6909.58,6795.86
TRUE,0.0098,1/7/2019,6757.53,6823.47,6855.6,6741.4
TRUE,0.0261,1/4/2019,6567.14,6738.86,6760.69,6554.24
FALSE,-0.0184,1/3/2019,6584.77,6463.5,6600.21,6457.13
TRUE,0.0244,1/2/2019,6506.91,6665.94,6693.71,6506.88
FALSE,-0.0021,12/31/2018,6649.52,6635.28,6659.96,6570.06
FALSE,-0.0049,12/28/2018,6616.79,6584.52,6684.18,6529.22
TRUE,0.0189,12/27/2018,6457.19,6579.49,6583.01,6336.97
TRUE,0.0474,12/26/2018,6257.86,6554.36,6555.53,6214.34
FALSE,-0.0136,12/24/2018,6278.49,6192.92,6355.18,6190.17
FALSE,-0.0366,12/21/2018,6573.49,6332.99,6586.68,6304.63
FALSE,-0.012,12/20/2018,6607.76,6528.41,6666.2,6447.91
FALSE,-0.0208,12/19/2018,6777.59,6636.83,6868.86,6586.5
FALSE,-0.0038,12/18/2018,6809.82,6783.91,6847.27,6733.71
FALSE,-0.0193,12/17/2018,6886.46,6753.73,6931.81,6710.01
FALSE,-0.0108,12/14/2018,6986.37,6910.66,7027.17,6898.99
FALSE,-0.0091,12/13/2018,7135.28,7070.33,7154.64,7034.82
FALSE,-0.004,12/12/2018,7127,7098.31,7197.29,7096.56
FALSE,-0.0126,12/11/2018,7121.66,7031.83,7129.83,6983.01
TRUE,0.0087,12/10/2018,6959.63,7020.52,7047.62,6878.98
FALSE,-0.0271,12/7/2018,7163.49,6969.25,7205.37,6945.27
TRUE,0.0244,12/6/2018,7017.05,7188.26,7189.52,6984.34
FALSE,-0.0337,12/4/2018,7407.95,7158.43,7421.11,7150.11
FALSE,-0.006,12/3/2018,7486.13,7441.51,7486.51,7392.22
TRUE,0.007,11/30/2018,7279.3,7330.54,7332.79,7255.68
TRUE,0.0008,11/29/2018,7267.37,7273.08,7319.96,7217.69
TRUE,0.0219,11/28/2018,7135.08,7291.59,7292.71,7090.98
TRUE,0.0059,11/27/2018,7041.23,7082.7,7105.14,7014.36
TRUE,0.0079,11/26/2018,7026.5,7081.85,7083.93,7003.12
TRUE,0.0028,11/23/2018,6919.52,6938.98,6987.89,6919.16
FALSE,-0.0019,11/21/2018,6985.51,6972.25,7029.92,6951.62
TRUE,0.006,11/20/2018,6867.43,6908.82,6994.75,6830.76
FALSE,-0.0262,11/19/2018,7217.24,7028.48,7224.12,7011.4
TRUE,0.0075,11/16/2018,7193.6,7247.87,7274.86,7171.7
TRUE,0.0206,11/15/2018,7112.83,7259.03,7274.26,7072.36
FALSE,-0.0178,11/14/2018,7265.39,7136.39,7285.57,7101.17
FALSE,-0.0041,11/13/2018,7230.69,7200.87,7319.12,7182.86
FALSE,-0.0222,11/12/2018,7364.05,7200.87,7371.09,7193.77
FALSE,-0.0082,11/9/2018,7468.51,7406.9,7474.34,7349.48
FALSE,-0.0018,11/8/2018,7544.17,7530.88,7566.93,7499.71
TRUE,0.0167,11/7/2018,7446.09,7570.75,7572.93,7435.87
TRUE,0.0068,11/6/2018,7326.07,7375.96,7400.64,7320.89
FALSE,-0.0021,11/5/2018,7344.08,7328.85,7349.23,7255.88
FALSE,-0.009,11/2/2018,7424.02,7356.99,7466.53,7298.68
TRUE,0.0145,11/1/2018,7327.82,7434.06,7435.88,7286.5
TRUE,0.004,10/31/2018,7276.62,7305.9,7368.49,7270.63
TRUE,0.0205,10/30/2018,7017.87,7161.65,7166.84,7001.48
FALSE,-0.0305,10/29/2018,7272.42,7050.29,7295.61,6922.83
TRUE,0.0059,10/26/2018,7125.18,7167.21,7283.32,7057
TRUE,0.0168,10/25/2018,7197.49,7318.34,7364.82,7178.54
FALSE,-0.0424,10/24/2018,7423.21,7108.4,7435.69,7099
TRUE,0.0149,10/23/2018,7328.55,7437.54,7472.58,7260.13
FALSE,-0.0024,10/22/2018,7486.74,7468.63,7520.54,7424.74
FALSE,-0.0108,10/19/2018,7530.15,7449.03,7582.89,7428.3
FALSE,-0.0172,10/18/2018,7616.47,7485.14,7616.86,7452.46
FALSE,-0.0035,10/17/2018,7669.26,7642.7,7670.49,7563.09
TRUE,0.0192,10/16/2018,7501.78,7645.49,7658.14,7493.44
FALSE,-0.0057,10/15/2018,7473.33,7430.74,7500.93,7400.07
FALSE,-0.0015,10/12/2018,7507.84,7496.89,7516.69,7368.33
FALSE,-0.008,10/11/2018,7388.07,7329.06,7493.21,7274.04
FALSE,-0.0354,10/10/2018,7694.08,7422.05,7701.2,7420.56
TRUE,0.0012,10/9/2018,7728.51,7738.02,7799.75,7718.95
FALSE,-0.0014,10/8/2018,7747.1,7735.95,7797.32,7654.84
FALSE,-0.011,10/5/2018,7874.76,7788.45,7902.67,7715.97
FALSE,-0.0142,10/4/2018,7993.33,7879.51,7997.17,7833.16
FALSE,-0.0012,10/3/2018,8034.65,8025.09,8053.93,8012.03
FALSE,-0.0031,10/2/2018,8024.47,7999.55,8054.15,7983.99
FALSE,-0.0067,10/1/2018,8091.5,8037.3,8107.38,8019.77
TRUE,0.0027,9/28/2018,8024.5,8046.35,8065.06,8015.87
TRUE,0.0026,9/27/2018,8021.22,8041.97,8071.56,8017.91
FALSE,-0.0027,9/26/2018,8011.68,7990.37,8067.03,7982.76
TRUE,0.0007,9/25/2018,8001.59,8007.47,8014.12,7979.29
TRUE,0.0068,9/24/2018,7939.38,7993.25,7997.9,7912.47
FALSE,-0.0068,9/21/2018,8041.69,7986.96,8057.26,7979.67
TRUE,0.0043,9/20/2018,7993.53,8028.23,8039.06,7986.4
FALSE,-0.0016,9/19/2018,7962.54,7950.04,7976.12,7917.73
TRUE,0.0066,9/18/2018,7903.57,7956.11,7986.1,7901.01
FALSE,-0.0121,9/17/2018,7992.21,7895.79,8002.78,7890.07
FALSE,-0.002,9/14/2018,8026.16,8010.04,8040.83,7979.78
TRUE,0.0017,9/13/2018,7999.93,8013.71,8037.51,7989.85
FALSE,-0.0006,9/12/2018,7958.87,7954.23,7965.39,7884.05
TRUE,0.0098,9/11/2018,7894.87,7972.47,7986.32,7880.92
FALSE,-0.0019,9/10/2018,7939.57,7924.16,7945.03,7890.39
TRUE,0.003,9/7/2018,7878.79,7902.54,7962.53,7873.93
FALSE,-0.0094,9/6/2018,7998.27,7922.73,8001.97,7885.49
FALSE,-0.0097,9/5/2018,8073.53,7995.17,8077.84,7962.35
TRUE,0.0004,9/4/2018,8087.95,8091.25,8104.07,8042.14
TRUE,0.0037,8/31/2018,8079.31,8109.54,8119.82,8079.31
FALSE,-0.0007,8/30/2018,8094.2,8088.36,8133.3,8069.57
TRUE,0.0081,8/29/2018,8044.34,8109.69,8113.56,8042.1
FALSE,-0.0011,8/28/2018,8039.01,8030.04,8046.31,8009.59
TRUE,0.0035,8/27/2018,7989.64,8017.9,8024.94,7976.6
TRUE,0.0048,8/24/2018,7907.81,7945.98,7949.71,7907.1
FALSE,-0.001,8/23/2018,7886.47,7878.46,7926.32,7866.53
TRUE,0.0057,8/22/2018,7844.04,7889.1,7897.63,7840.84
TRUE,0.0024,8/21/2018,7840.09,7859.17,7897.68,7836.79
FALSE,-0.0017,8/20/2018,7834.37,7821.01,7837.14,7787.9
TRUE,0.0038,8/17/2018,7786.64,7816.33,7830.78,7752.68
FALSE,-0.0026,8/16/2018,7826.95,7806.52,7849.67,7795.74
FALSE,-0.0046,8/15/2018,7810.02,7774.12,7832.66,7732.69
TRUE,0.0029,8/14/2018,7847.88,7870.89,7878.23,7815.5
FALSE,-0.0036,8/13/2018,7848,7819.71,7888.66,7814.27
TRUE,0.0006,8/10/2018,7834.71,7839.11,7866.19,7818.37
TRUE,0.0007,8/9/2018,7886.51,7891.78,7923.35,7881.06
TRUE,0.0011,8/8/2018,7880,7888.33,7901.69,7864.46
TRUE,0.0006,8/7/2018,7878.62,7883.66,7898.2,7868.65
TRUE,0.0064,8/6/2018,7809.54,7859.68,7859.68,7801.88
FALSE,-0.0009,8/3/2018,7819.23,7812.01,7824.06,7783.3
TRUE,0.0187,8/2/2018,7659.52,7802.69,7808.85,7659.52
TRUE,0.0007,8/1/2018,7701.82,7707.29,7732.68,7670.71
TRUE,0.0022,7/31/2018,7654.59,7671.79,7709.49,7614.84
FALSE,-0.0136,7/30/2018,7735.27,7630,7740.26,7604.24
FALSE,-0.0193,7/27/2018,7889.75,7737.42,7889.75,7698.96
TRUE,0.0005,7/26/2018,7848.04,7852.18,7881.3,7834.08
TRUE,0.0119,7/25/2018,7839.09,7932.24,7933.31,7838.76
FALSE,-0.0093,7/24/2018,7914.35,7840.77,7928.79,7814.33
TRUE,0.0045,7/23/2018,7806.93,7841.87,7846.76,7776.55
FALSE,-0.0029,7/20/2018,7843.08,7820.2,7860.25,7815.86
FALSE,-0.0006,7/19/2018,7829.8,7825.3,7849.85,7811.15
FALSE,-0.0006,7/18/2018,7859.43,7854.44,7863.77,7822.83
TRUE,0.0133,7/17/2018,7751.97,7855.12,7867.15,7749.61
FALSE,-0.0033,7/16/2018,7831.74,7805.72,7838.82,7791.98
FALSE,-0.0002,7/13/2018,7827.62,7825.98,7843.52,7803.34
TRUE,0.0092,7/12/2018,7752.71,7823.92,7825.67,7746.76
TRUE,0.0024,7/11/2018,7698.51,7716.61,7748.16,7696.58
FALSE,-0.0015,7/10/2018,7770.63,7759.2,7777.48,7731.98
TRUE,0.0032,7/9/2018,7731.74,7756.2,7757.28,7702.06
TRUE,0.0122,7/6/2018,7595.93,7688.39,7695.81,7588.65
TRUE,0.0047,7/5/2018,7550.66,7586.43,7589.19,7511.43
FALSE,-0.012,7/3/2018,7593.63,7502.67,7594.33,7498.5
TRUE,0.0155,7/2/2018,7451.9,7567.69,7568.1,7443.1
FALSE,-0.0045,6/29/2018,7544.13,7510.3,7573.59,7502.95
TRUE,0.0088,6/28/2018,7438.11,7503.68,7526.07,7419.56
FALSE,-0.0186,6/27/2018,7586.33,7445.08,7610.67,7444.17
TRUE,0.001,6/26/2018,7553.74,7561.63,7597.49,7527
FALSE,-0.013,6/25/2018,7631.12,7532.01,7639.73,7477.73
FALSE,-0.0061,6/22/2018,7739.69,7692.82,7739.71,7679.12
FALSE,-0.0112,6/21/2018,7800.3,7712.95,7803.45,7699.2
TRUE,0.0022,6/20/2018,7764.15,7781.51,7806.6,7755.48
TRUE,0.0088,6/19/2018,7658.47,7725.59,7727.41,7635.73
TRUE,0.007,6/18/2018,7692.96,7747.03,7749.36,7676.83
TRUE,0.0028,6/15/2018,7725.03,7746.38,7755.72,7704.34
TRUE,0.0049,6/14/2018,7723.53,7761.04,7768.6,7723.53
FALSE,-0.0024,6/13/2018,7713.9,7695.7,7748.96,7686.65
TRUE,0.0039,6/12/2018,7673.87,7703.79,7708.25,7669.53
TRUE,0.0017,6/11/2018,7647.24,7659.93,7677.29,7642.87
TRUE,0.005,6/8/2018,7607.74,7645.51,7653.58,7595.14
FALSE,-0.0081,6/7/2018,7697.41,7635.07,7697.41,7597.66
TRUE,0.0048,6/6/2018,7652.8,7689.24,7691.65,7622.31
TRUE,0.0022,6/5/2018,7621.36,7637.86,7644.48,7602.38
TRUE,0.0048,6/4/2018,7570.08,7606.46,7607.17,7561.2
TRUE,0.0089,6/1/2018,7487.66,7554.33,7557.38,7487.23
FALSE,-0.0018,5/31/2018,7455.58,7442.12,7492.42,7431.41
TRUE,0.0046,5/30/2018,7428.41,7462.45,7473.81,7423.67
FALSE,-0.0003,5/29/2018,7398.51,7396.59,7435.13,7354.29
TRUE,0.0016,5/25/2018,7422.2,7433.85,7452.85,7415.58
TRUE,0.0003,5/24/2018,7421.99,7424.43,7435.38,7357.5
TRUE,0.0124,5/23/2018,7335.03,7425.96,7426.78,7334.62
FALSE,-0.0057,5/22/2018,7420.85,7378.46,7432.53,7370.33
FALSE,-0.0017,5/21/2018,7406.33,7394.04,7431.83,7368.21
FALSE,-0.0014,5/18/2018,7364.34,7354.34,7381.16,7343.97
TRUE,0.0004,5/17/2018,7379.58,7382.47,7425.39,7350.46
TRUE,0.0057,5/16/2018,7356.22,7398.3,7413.32,7356.16
FALSE,-0.0013,5/15/2018,7361.3,7351.63,7363.52,7320.97
FALSE,-0.0024,5/14/2018,7429.45,7411.32,7458.42,7401.89
TRUE,0.0012,5/11/2018,7393.96,7402.88,7417.67,7372.26
TRUE,0.0067,5/10/2018,7355.9,7404.97,7414.15,7353.63
TRUE,0.008,5/9/2018,7281.53,7339.91,7344.8,7259.05
TRUE,0.0016,5/8/2018,7255.34,7266.9,7278.81,7224.7
TRUE,0.0032,5/7/2018,7241.82,7265.21,7291.74,7235.76
TRUE,0.0204,5/4/2018,7065.67,7209.62,7228.26,7057.89
TRUE,0.0033,5/3/2018,7065.03,7088.15,7112.59,6991.14
FALSE,-0.0053,5/2/2018,7138.45,7100.9,7169.46,7094.72
TRUE,0.0109,5/1/2018,7053.65,7130.7,7133.27,7036.18
FALSE,-0.0095,4/30/2018,7133.95,7066.27,7169.8,7065.41
FALSE,-0.0105,4/27/2018,7195.52,7119.8,7197.15,7083.95
TRUE,0.0054,4/26/2018,7080.49,7118.68,7143.94,7055.66
FALSE,-0.0009,4/25/2018,7009.99,7003.74,7030.74,6926.97
FALSE,-0.0214,4/24/2018,7160.77,7007.35,7171.67,6961.52
FALSE,-0.0063,4/23/2018,7173.99,7128.6,7195.72,7094.43
FALSE,-0.0103,4/20/2018,7220.64,7146.13,7222.99,7123.49
FALSE,-0.0028,4/19/2018,7258.61,7238.06,7277.45,7215.17
TRUE,0.0004,4/18/2018,7292.38,7295.24,7319.58,7259.9
TRUE,0.0091,4/17/2018,7215.12,7281.1,7298.59,7206.55
TRUE,0.0003,4/16/2018,7153.87,7156.28,7178.51,7115.85
FALSE,-0.0102,4/13/2018,7179.62,7106.65,7183.62,7078.14
TRUE,0.004,4/12/2018,7112.02,7140.25,7166,7105.09
TRUE,0.002,4/11/2018,7055,7069.03,7128.54,7055
TRUE,0.0047,4/10/2018,7060.99,7094.3,7117.98,7014.88
FALSE,-0.003,4/9/2018,6971.45,6950.34,7074.95,6944.96
FALSE,-0.0121,4/6/2018,6999.57,6915.11,7066.64,6877.76
FALSE,-0.0032,4/5/2018,7099.25,7076.55,7112.38,7036.62
TRUE,0.0338,4/4/2018,6811.77,7042.11,7059.29,6811.77
TRUE,0.0024,4/3/2018,6924.35,6941.28,6963.71,6835.23
FALSE,-0.0208,4/2/2018,7016.17,6870.12,7044.71,6805.96
TRUE,0.0113,3/29/2018,6984.65,7063.44,7120.46,6935.78
FALSE,-0.0042,3/28/2018,6978.3,6949.23,7036.09,6901.07
FALSE,-0.034,3/27/2018,7255.47,7008.81,7255.54,6963.68
TRUE,0.0134,3/26/2018,7125.2,7220.54,7225.83,7022.34
FALSE,-0.0248,3/23/2018,7170.68,6992.67,7194.31,6992.67
FALSE,-0.0125,3/22/2018,7257.55,7166.68,7303.19,7164.38
FALSE,-0.0003,3/21/2018,7347.5,7345.29,7415.66,7325.35
TRUE,0.0015,3/20/2018,7353.25,7364.3,7380.74,7331.24
FALSE,-0.0101,3/19/2018,7419.2,7344.24,7421.23,7285.27
FALSE,-0.003,3/16/2018,7504.37,7481.99,7514.21,7473.68
FALSE,-0.0037,3/15/2018,7509.24,7481.74,7525.44,7463.18
FALSE,-0.0057,3/14/2018,7539.78,7496.81,7544.89,7473.9
FALSE,-0.0153,3/13/2018,7627.52,7511.01,7637.27,7492.98
TRUE,0.001,3/12/2018,7581.04,7588.32,7609.1,7563.44
TRUE,0.0113,3/9/2018,7475.98,7560.81,7560.81,7469.03
TRUE,0.0007,3/8/2018,7422.77,7427.95,7435.01,7391.5
TRUE,0.0116,3/7/2018,7311.74,7396.65,7403.79,7311.74
TRUE,0.0007,3/6/2018,7366.61,7372.01,7378.03,7319.68
TRUE,0.0149,3/5/2018,7222.89,7330.7,7350.07,7205.31
TRUE,0.0223,3/2/2018,7099.54,7257.87,7267.19,7084.83
FALSE,-0.0129,3/1/2018,7274.75,7180.56,7307.84,7117.66
FALSE,-0.0133,2/28/2018,7371.41,7273.01,7386.8,7273.01
FALSE,-0.0116,2/27/2018,7416.17,7330.35,7438.09,7330.35
TRUE,0.0065,2/26/2018,7373.3,7421.46,7421.85,7360.25
TRUE,0.0105,2/23/2018,7261.35,7337.39,7337.83,7232.5
FALSE,-0.0058,2/22/2018,7252.46,7210.09,7280.93,7194.84
FALSE,-0.0055,2/21/2018,7258.48,7218.23,7338.64,7218.11
TRUE,0.0035,2/20/2018,7209.03,7234.31,7295.95,7206
TRUE,0.0004,2/16/2018,7236.51,7239.47,7303.26,7226.38
TRUE,0.0077,2/15/2018,7200.75,7256.43,7256.93,7130.39
TRUE,0.0236,2/14/2018,6979.24,7143.62,7152.05,6977.07
TRUE,0.0103,2/13/2018,6942.16,7013.51,7025.68,6938.16
TRUE,0.0065,2/12/2018,6936.68,6981.96,7023.62,6879.69
TRUE,0.0016,2/9/2018,6863.34,6874.49,6917.01,6630.67
FALSE,-0.0411,2/8/2018,7067.3,6777.16,7073.99,6776.77
FALSE,-0.0048,2/7/2018,7086.2,7051.98,7170.33,7051.53
TRUE,0.0407,2/6/2018,6837.56,7115.88,7126.55,6824.82
FALSE,-0.0277,2/5/2018,7165.96,6967.53,7277.36,6967.53
FALSE,-0.0145,2/2/2018,7347.59,7240.95,7364.43,7238.18
TRUE,0.0012,2/1/2018,7377.17,7385.86,7441.09,7362.28
FALSE,-0.0043,1/31/2018,7443.25,7411.48,7453.99,7381.12
TRUE,0.0018,1/30/2018,7388.89,7402.48,7433.65,7373.99
FALSE,-0.0024,1/29/2018,7484.47,7466.51,7500.61,7455.55
TRUE,0.0077,1/26/2018,7448.33,7505.77,7505.77,7431.22
FALSE,-0.0063,1/25/2018,7457.94,7411.16,7458.53,7388.58
FALSE,-0.0079,1/24/2018,7474.16,7415.06,7486.32,7376.75
TRUE,0.0048,1/23/2018,7424.95,7460.29,7465.39,7423.18
TRUE,0.0095,1/22/2018,7338.04,7408.03,7408.03,7332.81
TRUE,0.0033,1/19/2018,7312,7336.38,7336.38,7297.28
TRUE,0.0003,1/18/2018,7293.65,7296.05,7313.89,7276.11
TRUE,0.0056,1/17/2018,7257.77,7298.28,7309.36,7229.32
FALSE,-0.0114,1/16/2018,7307.19,7223.69,7330.33,7205.93
TRUE,0.0073,1/12/2018,7208.17,7261.06,7265.26,7205.18
TRUE,0.006,1/11/2018,7168.73,7211.78,7211.78,7163.23
TRUE,0.0033,1/10/2018,7129.83,7153.57,7154.24,7111.52
FALSE,-0.0015,1/9/2018,7174.19,7163.58,7181.14,7148.3
TRUE,0.0031,1/8/2018,7135.38,7157.39,7161.35,7124.09
TRUE,0.0043,1/5/2018,7105.74,7136.56,7137.04,7097.08
FALSE,-0.0016,1/4/2018,7089.5,7077.91,7098.05,7072.38
TRUE,0.0069,1/3/2018,7017.07,7065.53,7069.15,7016.7
TRUE,0.01,1/2/2018,6937.65,7006.9,7006.91,6924.08
FALSE,-0.0071,12/29/2017,6952.61,6903.39,6954.98,6903.39
FALSE,-0.0005,12/28/2017,6953.38,6950.16,6954.8,6936.75
FALSE,-0.0003,12/27/2017,6941.45,6939.34,6955.38,6931.34
TRUE,0.0011,12/26/2017,6928.92,6936.25,6942.14,6915.56
TRUE,0.0003,12/22/2017,6958.02,6959.96,6962.26,6944.44
FALSE,-0.0011,12/21/2017,6972.88,6965.36,6992.63,6961.21
FALSE,-0.0043,12/20/2017,6991.25,6960.96,6991.25,6935.42
FALSE,-0.0039,12/19/2017,6991.25,6963.85,6995.88,6951.49
TRUE,0.0021,12/18/2017,6980.4,6994.76,7003.89,6975.54
TRUE,0.0095,12/15/2017,6871.55,6936.58,6945.82,6871.45
FALSE,-0.0045,12/14/2017,6887.38,6856.53,6901.13,6851.63
FALSE,-0.0007,12/13/2017,6880.41,6875.8,6897.62,6871.87
FALSE,-0.0015,12/12/2017,6872.71,6862.32,6884.8,6856.3
TRUE,0.004,12/11/2017,6847.64,6875.08,6879.8,6844.88
FALSE,-0.0029,12/8/2017,6859.95,6840.08,6870.48,6831.61
TRUE,0.004,12/7/2017,6785.74,6812.84,6829.29,6778.2
TRUE,0.0051,12/6/2017,6742.07,6776.38,6787.42,6734.13
TRUE,0.0005,12/5/2017,6759.14,6762.21,6836.45,6752.32
FALSE,-0.0177,12/4/2017,6897.13,6775.37,6899.23,6770.69
TRUE,0.0005,12/1/2017,6844.04,6847.59,6872.17,6737.16
TRUE,0.0031,11/30/2017,6852.8,6873.97,6888.65,6838.48
FALSE,-0.012,11/29/2017,6907.28,6824.39,6908.33,6793.95
TRUE,0.0027,11/28/2017,6893.72,6912.36,6914.19,6866.21
FALSE,-0.0017,11/27/2017,6889.91,6878.52,6897.43,6867.89
TRUE,0.0016,11/24/2017,6878.11,6889.16,6890.02,6873.74
FALSE,-0.0003,11/22/2017,6869.53,6867.36,6874.52,6859.28
TRUE,0.0061,11/21/2017,6820.55,6862.48,6862.66,6820.02
TRUE,0.0002,11/20/2017,6789.28,6790.71,6795.83,6779.49
FALSE,-0.0017,11/17/2017,6794.45,6782.79,6797.75,6777.43
TRUE,0.0076,11/16/2017,6742.33,6793.29,6806.67,6742.33
TRUE,0.0008,11/15/2017,6700.68,6706.21,6725.32,6667.31
TRUE,0.0006,11/14/2017,6733.87,6737.87,6743.63,6709.27
TRUE,0.0045,11/13/2017,6727.39,6757.6,6766.3,6723.43
TRUE,0.0022,11/10/2017,6736.39,6750.94,6757.34,6727.35
TRUE,0.0019,11/9/2017,6737.45,6750.05,6758.93,6687.28
TRUE,0.0036,11/8/2017,6764.85,6789.12,6791.65,6753.34
FALSE,-0.0026,11/7/2017,6785.44,6767.78,6795.52,6750.35
TRUE,0.0034,11/6/2017,6763.3,6786.44,6790.67,6763.17
TRUE,0.0041,11/3/2017,6737.09,6764.44,6765.14,6712.93
TRUE,0.0008,11/2/2017,6709.39,6714.94,6719.97,6677.55
FALSE,-0.0062,11/1/2017,6758.64,6716.53,6759.66,6691.48
TRUE,0.0021,10/31/2017,6713.71,6727.67,6737.75,6705.79
TRUE,0.0008,10/30/2017,6693.77,6698.96,6727.39,6677.15
TRUE,0.01,10/27/2017,6635.03,6701.26,6708.13,6625.78
FALSE,-0.0016,10/26/2017,6567.59,6556.77,6582.76,6550.03
FALSE,-0.0035,10/25/2017,6587.22,6563.89,6600.64,6517.93
FALSE,0,10/24/2017,6598.6,6598.43,6611.9,6582.06
FALSE,-0.0082,10/23/2017,6641.57,6586.83,6641.57,6581.15
FALSE,-0.0007,10/20/2017,6633.37,6629.05,6640.03,6622.92
TRUE,0.0032,10/19/2017,6583.7,6605.07,6605.29,6558.53
FALSE,-0.0015,10/18/2017,6634.26,6624.22,6635.52,6613.55
TRUE,0.0003,10/17/2017,6621.42,6623.66,6628.6,6613.21
TRUE,0.0002,10/16/2017,6622.55,6624,6632.5,6607.03
FALSE,-0.0011,10/13/2017,6613.21,6605.8,6616.58,6602.2
FALSE,-0.0005,10/12/2017,6594.76,6591.51,6613.5,6586.32
TRUE,0.0026,10/11/2017,6586.73,6603.55,6604.21,6577.99
FALSE,-0.0023,10/10/2017,6602.49,6587.25,6608.3,6561.78
FALSE,-0.0027,10/9/2017,6597.37,6579.73,6599.34,6572.44
TRUE,0.0035,10/6/2017,6566.95,6590.18,6590.18,6566.84
TRUE,0.005,10/5/2017,6552.87,6585.36,6587.21,6547.65
TRUE,0.0019,10/4/2017,6521.96,6534.63,6546.46,6513.12
TRUE,0.0012,10/3/2017,6523.74,6531.71,6532.18,6509.71
TRUE,0.0016,10/2/2017,6506.08,6516.72,6527.22,6484.14
TRUE,0.0054,9/29/2017,6461.28,6495.96,6497.98,6454.86
TRUE,0.0024,9/28/2017,6437.96,6453.45,6456.23,6427.66
TRUE,0.0061,9/27/2017,6414.37,6453.26,6472.65,6405.36
FALSE,-0.0018,9/26/2017,6391.85,6380.16,6405,6364.57
FALSE,-0.0051,9/25/2017,6403.11,6370.59,6408.05,6343.96
TRUE,0.004,9/22/2017,6401.44,6426.92,6429.54,6400.81
FALSE,-0.004,9/21/2017,6448.57,6422.69,6448.57,6405.3
FALSE,-0.0006,9/20/2017,6459.74,6456.04,6466.05,6414.23
FALSE,-0.0007,9/19/2017,6465.57,6461.32,6467.79,6446.75
FALSE,-0.0008,9/18/2017,6460.1,6454.64,6477.77,6438.41
TRUE,0.0035,9/15/2017,6426.16,6448.47,6464.27,6419.65
FALSE,-0.0016,9/14/2017,6439.46,6429.08,6455.32,6424.04
TRUE,0.003,9/13/2017,6440.72,6460.19,6460.42,6433.2
TRUE,0.0008,9/12/2017,6448.81,6454.28,6455.02,6429.54
TRUE,0.0033,9/11/2017,6411.18,6432.26,6439.11,6410.71
FALSE,-0.0046,9/8/2017,6389.65,6360.19,6391.41,6354.96
FALSE,-0.0008,9/7/2017,6402.94,6397.87,6413.07,6379.81
FALSE,-0.0002,9/6/2017,6394.35,6393.31,6407.4,6356.2
FALSE,-0.0061,9/5/2017,6414.82,6375.57,6426.51,6334.59
FALSE,-0.0011,9/1/2017,6442.17,6435.33,6449.65,6417.87
TRUE,0.0067,8/31/2017,6385.8,6428.66,6435.27,6383.58
TRUE,0.0095,8/30/2017,6308.68,6368.31,6374.47,6303.57
TRUE,0.0117,8/29/2017,6228.9,6301.89,6311.26,6228.73
FALSE,-0.0005,8/28/2017,6286.01,6283.02,6292.26,6267.85
FALSE,-0.0045,8/25/2017,6293.81,6265.64,6308.72,6257.1
FALSE,-0.0037,8/24/2017,6294.82,6271.33,6302.85,6244.57
TRUE,0.0024,8/23/2017,6263.47,6278.41,6291.3,6263.29
TRUE,0.009,8/22/2017,6241.21,6297.48,6302.84,6241.21
FALSE,-0.0005,8/21/2017,6216.32,6213.13,6226.93,6177.19
FALSE,-0.001,8/18/2017,6222.46,6216.53,6254.22,6193.38
FALSE,-0.0159,8/17/2017,6322.72,6221.91,6334.23,6221.91
FALSE,-0.0005,8/16/2017,6348.11,6345.11,6374.56,6330.27
FALSE,-0.0028,8/15/2017,6350.51,6333.01,6350.74,6324.75
TRUE,0.0054,8/14/2017,6306.11,6340.23,6346.83,6305.55
TRUE,0.0055,8/11/2017,6222.18,6256.56,6266.89,6216.19
FALSE,-0.0152,8/10/2017,6312.65,6216.87,6318.28,6214.41
TRUE,0.0047,8/9/2017,6322.92,6352.33,6355.04,6309.44
FALSE,-0.0005,8/8/2017,6373.33,6370.46,6423.35,6355.88
TRUE,0.0036,8/7/2017,6361.06,6383.77,6386.03,6356.23
TRUE,0.0001,8/4/2017,6350.79,6351.56,6361.49,6329.73
FALSE,-0.0041,8/3/2017,6366.24,6340.34,6368.53,6331.14
FALSE,-0.0048,8/2/2017,6393.1,6362.65,6394.21,6313.43
FALSE,-0.0014,8/1/2017,6372.16,6362.94,6375.75,6345.75
FALSE,-0.0073,7/31/2017,6394.69,6348.12,6396.59,6338.79
TRUE,0.0038,7/28/2017,6350.27,6374.68,6379.7,6337.22
FALSE,-0.012,7/27/2017,6459.76,6382.19,6460.84,6318.62
FALSE,-0.0005,7/26/2017,6425.93,6422.75,6432.38,6416.3
TRUE,0.0007,7/25/2017,6407.59,6412.17,6425.45,6396.87
TRUE,0.0036,7/24/2017,6387.82,6410.81,6417.7,6380.61
TRUE,0.0007,7/21/2017,6383.05,6387.75,6388.78,6365.12
FALSE,-0.001,7/20/2017,6396.46,6390,6398.26,6365.68
TRUE,0.0034,7/19/2017,6363.24,6385.04,6387.73,6362.19
TRUE,0.0063,7/18/2017,6304.82,6344.31,6344.55,6291.07
FALSE,-0.0009,7/17/2017,6320.35,6314.43,6330.97,6307.34
TRUE,0.0037,7/14/2017,6289.08,6312.47,6321.76,6278.7
TRUE,0.0009,7/13/2017,6269.1,6274.44,6281.45,6251.26
TRUE,0.0036,7/12/2017,6238.9,6261.17,6265.64,6236.82
TRUE,0.0036,7/11/2017,6171.25,6193.3,6200.58,6149.87
TRUE,0.0033,7/10/2017,6156.03,6176.39,6191.27,6141.83
TRUE,0.0069,7/7/2017,6111.21,6153.08,6164.94,6111.21
FALSE,-0.0033,7/6/2017,6109.6,6089.46,6127.98,6081.96
TRUE,0.0047,7/5/2017,6122.06,6150.86,6163.62,6100.42
FALSE,-0.0102,7/3/2017,6173.29,6110.06,6177.36,6106.12
FALSE,-0.0043,6/30/2017,6166.84,6140.42,6170.63,6129.04
FALSE,-0.0114,6/29/2017,6215.49,6144.35,6216.6,6087.81
TRUE,0.0099,6/28/2017,6173.1,6234.41,6238.29,6144.8
FALSE,-0.0131,6/27/2017,6227.9,6146.62,6234.32,6146.62
FALSE,-0.0072,6/26/2017,6292.73,6247.15,6303.45,6233.43
TRUE,0.005,6/23/2017,6234.35,6265.25,6269.37,6218.78
FALSE,-0.0004,6/22/2017,6239.15,6236.69,6257.68,6221.96
TRUE,0.005,6/21/2017,6202.75,6233.95,6236.66,6200.86
FALSE,-0.0067,6/20/2017,6229.62,6188.03,6234.01,6186.94
TRUE,0.0068,6/19/2017,6196.85,6239.01,6243.31,6194
FALSE,-0.0004,6/16/2017,6154.28,6151.76,6161.56,6125.5
TRUE,0.0063,6/15/2017,6127.05,6165.5,6170.15,6107.85
FALSE,-0.0068,6/14/2017,6237.46,6194.89,6237.53,6153.55
TRUE,0.0023,6/13/2017,6206.12,6220.37,6226.41,6180.04
TRUE,0.0036,6/12/2017,6153.56,6175.46,6183.81,6110.66
FALSE,-0.0193,6/9/2017,6330.25,6207.92,6341.7,6137.68
TRUE,0.0016,6/8/2017,6311.73,6321.76,6324.06,6282.93
TRUE,0.0011,6/7/2017,6290.44,6297.38,6302.78,6267.18
FALSE,-0.0011,6/6/2017,6281.88,6275.06,6304.21,6269.86
FALSE,-0.0016,6/5/2017,6305.47,6295.68,6310.62,6292.14
TRUE,0.0071,6/2/2017,6261.59,6305.8,6308.76,6253.77
TRUE,0.005,6/1/2017,6215.91,6246.83,6247.07,6200.45
FALSE,-0.0037,5/31/2017,6221.63,6198.52,6221.99,6164.07
FALSE,-0.0002,5/30/2017,6204.18,6203.19,6217.13,6200.41
TRUE,0.0005,5/26/2017,6207.04,6210.19,6211.52,6196.66
TRUE,0.0036,5/25/2017,6183.02,6205.26,6217.34,6174.52
TRUE,0.0014,5/24/2017,6154.18,6163.02,6166.09,6139.33
FALSE,-0.0018,5/23/2017,6149.55,6138.71,6150.91,6121.79
TRUE,0.0058,5/22/2017,6098.25,6133.62,6135.92,6097.24
TRUE,0.0022,5/19/2017,6070.23,6083.7,6106.55,6070.23
TRUE,0.0094,5/18/2017,5998.46,6055.13,6073.45,5996.81
FALSE,-0.0159,5/17/2017,6108.62,6011.24,6122.87,6009.48
TRUE,0.0015,5/16/2017,6160.52,6169.87,6170.16,6139.1
TRUE,0.0035,5/15/2017,6128.11,6149.67,6153.04,6124.79
TRUE,0.0003,5/12/2017,6119.27,6121.23,6122.84,6105.42
TRUE,0.001,5/11/2017,6110.05,6115.96,6120.2,6075.68
TRUE,0.0012,5/10/2017,6121.64,6129.14,6131.64,6103.87
TRUE,0.0014,5/9/2017,6111.82,6120.59,6133,6107.59
TRUE,0.0003,5/8/2017,6100.66,6102.66,6106.12,6083.06
TRUE,0.0015,5/5/2017,6091.69,6100.76,6100.76,6067.16
FALSE,0,5/4/2017,6075.06,6075.34,6080.82,6054.33
FALSE,-0.0004,5/3/2017,6075.04,6072.55,6076.96,6053.28
FALSE,-0.0012,5/2/2017,6102.51,6095.37,6102.72,6081.56
TRUE,0.004,5/1/2017,6067.56,6091.6,6100.73,6061.35
FALSE,-0.0042,4/28/2017,6072.87,6047.61,6074.04,6040.71
TRUE,0.0017,4/27/2017,6038.47,6048.94,6050.7,6031.59
FALSE,-0.0005,4/26/2017,6028.12,6025.23,6040.89,6021.72
TRUE,0.0036,4/25/2017,6004.16,6025.49,6036.02,6002.65
TRUE,0.0006,4/24/2017,5979.96,5983.82,5989.92,5970.25
FALSE,-0.0014,4/21/2017,5919.02,5910.52,5919.23,5899.43
TRUE,0.0049,4/20/2017,5887.87,5916.78,5926.23,5880.2
FALSE,-0.0019,4/19/2017,5874.43,5863.03,5894.67,5856.34
TRUE,0.0019,4/18/2017,5838.59,5849.47,5860.04,5828.57
TRUE,0.0061,4/17/2017,5821.55,5856.79,5856.79,5818.2
FALSE,-0.004,4/13/2017,5828.37,5805.15,5856.54,5805.15
FALSE,-0.0047,4/12/2017,5863.59,5836.16,5868.09,5830.44
FALSE,-0.0007,4/11/2017,5871.16,5866.77,5878.94,5819.29
FALSE,-0.0004,4/10/2017,5883.43,5880.93,5907.85,5865.56
TRUE,0.0007,4/7/2017,5873.94,5877.81,5892.07,5855.51
TRUE,0.0014,4/6/2017,5870.52,5878.95,5889.58,5856.22
FALSE,-0.008,4/5/2017,5911.92,5864.48,5936.39,5856.26
TRUE,0.0034,4/4/2017,5878.76,5898.61,5901.39,5878.76
FALSE,-0.0038,4/3/2017,5917.32,5894.68,5928.93,5867.73
TRUE,0.001,3/31/2017,5905.63,5911.74,5927.81,5901.77
TRUE,0.0031,3/30/2017,5896.15,5914.34,5916.77,5894
TRUE,0.0038,3/29/2017,5875.35,5897.55,5900.87,5870.93
TRUE,0.0066,3/28/2017,5836.5,5875.14,5888.7,5828.86
TRUE,0.0111,3/27/2017,5776.33,5840.37,5849.2,5769.39
FALSE,-0.0018,3/24/2017,5839.33,5828.74,5858.95,5807.83
TRUE,0.0009,3/23/2017,5812.31,5817.69,5842.82,5806.98
TRUE,0.0054,3/22/2017,5790.59,5821.64,5825.67,5781.8
FALSE,-0.0219,3/21/2017,5923.42,5793.83,5928.06,5790.73
TRUE,0.0005,3/20/2017,5898.81,5901.53,5915.12,5888.12
TRUE,0.0004,3/17/2017,5898.58,5901,5912.61,5890.42
FALSE,-0.0012,3/16/2017,5907.86,5900.76,5911.48,5887.24
TRUE,0.0051,3/15/2017,5869.97,5900.05,5911.2,5858.16
FALSE,-0.0006,3/14/2017,5860.07,5856.82,5860.5,5831.88
TRUE,0.0021,3/13/2017,5863.48,5875.78,5877.43,5860.83
FALSE,-0.0009,3/10/2017,5867.16,5861.73,5872.6,5835.44
TRUE,0.0007,3/9/2017,5834.67,5838.81,5852.54,5812.08
FALSE,-0.0002,3/8/2017,5838.44,5837.55,5860.63,5832.63
FALSE,-0.0004,3/7/2017,5836.12,5833.93,5859.77,5826.32
TRUE,0.0005,3/6/2017,5846.42,5849.17,5857.74,5827.46
TRUE,0.0028,3/3/2017,5854.27,5870.75,5870.75,5841.47
FALSE,-0.0061,3/2/2017,5897.01,5861.22,5897.01,5856.3
TRUE,0.005,3/1/2017,5874.86,5904.03,5911.79,5865.79
FALSE,-0.0047,2/28/2017,5852.79,5825.44,5855.07,5817.22
TRUE,0.0046,2/27/2017,5835.04,5861.9,5861.9,5827
TRUE,0.0074,2/24/2017,5802.33,5845.31,5845.31,5800.55
FALSE,-0.0053,2/23/2017,5866.82,5835.51,5866.96,5809.55
TRUE,0.0005,2/22/2017,5857.56,5860.63,5864.41,5848.28
TRUE,0.0027,2/21/2017,5850.2,5865.95,5867.89,5847.5
TRUE,0.0054,2/17/2017,5807.31,5838.58,5838.58,5800.8
FALSE,-0.0014,2/16/2017,5823.01,5814.9,5835.15,5796.71
TRUE,0.0072,2/15/2017,5777.9,5819.44,5821.95,5776.7
TRUE,0.0045,2/14/2017,5756.51,5782.57,5783.09,5748.74
TRUE,0.0019,2/13/2017,5753.19,5763.96,5770.99,5751.92
TRUE,0.0014,2/10/2017,5726.17,5734.13,5743.43,5717.42
TRUE,0.0048,2/9/2017,5688.02,5715.18,5722.71,5685.15
TRUE,0.0034,2/8/2017,5662.95,5682.45,5686.96,5649.39
FALSE,-0.0001,2/7/2017,5674.86,5674.22,5689.6,5664.82
TRUE,0.0012,2/6/2017,5656.95,5663.55,5668.2,5650.26
TRUE,0.0028,2/3/2017,5650.73,5666.77,5666.84,5647.58
TRUE,0.0016,2/2/2017,5627.15,5636.2,5656.01,5616.4
FALSE,-0.0021,2/1/2017,5654.51,5642.65,5662.11,5621.03
TRUE,0.0039,1/31/2017,5592.87,5614.79,5615.15,5576.09
FALSE,-0.0039,1/30/2017,5635.86,5613.71,5636.09,5578.76
FALSE,-0.0007,1/27/2017,5664.88,5660.78,5667.45,5643.9
FALSE,-0.002,1/26/2017,5666.28,5655.18,5669.61,5647.65
TRUE,0.0036,1/25/2017,5635.86,5656.34,5658.59,5634.33
TRUE,0.0059,1/24/2017,5568.27,5600.96,5606.53,5558.49
TRUE,0.0011,1/23/2017,5546.64,5552.94,5564.14,5522.69
FALSE,-0.0003,1/20/2017,5556.87,5555.33,5574.35,5542.23
FALSE,-0.0037,1/19/2017,5560.61,5540.08,5571.53,5528.37
TRUE,0.0016,1/18/2017,5546.94,5555.65,5555.98,5534.77
FALSE,-0.003,1/17/2017,5555.16,5538.73,5557.05,5527.22
TRUE,0.003,1/13/2017,5557.57,5574.12,5584.26,5557.2
TRUE,0.0009,1/12/2017,5542.56,5547.49,5550.67,5496.82
TRUE,0.0023,1/11/2017,5550.72,5563.65,5564.08,5524.03
TRUE,0.0028,1/10/2017,5536.54,5551.82,5564.25,5528.11
TRUE,0.0008,1/9/2017,5527.58,5531.82,5541.08,5517.14
TRUE,0.004,1/6/2017,5499.08,5521.06,5536.52,5482.81
TRUE,0.0025,1/5/2017,5474.39,5487.94,5495.85,5464.36
TRUE,0.0066,1/4/2017,5440.91,5477,5482.35,5440.24
TRUE,0.0006,1/3/2017,5425.62,5429.08,5452.57,5397.99
FALSE,-0.0105,12/30/2016,5440.17,5383.12,5441.9,5371.89
FALSE,-0.001,12/29/2016,5437.51,5432.09,5450.63,5415.18
FALSE,-0.0107,12/28/2016,5497.44,5438.56,5498.91,5434.7
TRUE,0.003,12/27/2016,5470.76,5487.44,5512.37,5469.61
TRUE,0.0038,12/23/2016,5441.76,5462.69,5462.69,5441.76
FALSE,-0.0045,12/22/2016,5472.01,5447.42,5472.01,5432.77
FALSE,-0.002,12/21/2016,5482.63,5471.43,5486.26,5465.31
TRUE,0.0019,12/20/2016,5473.53,5483.94,5489.47,5471.71
TRUE,0.003,12/19/2016,5441.2,5457.44,5483.42,5436.54
FALSE,-0.0056,12/16/2016,5467.82,5437.16,5474.58,5426.01
TRUE,0.0025,12/15/2016,5443.51,5456.85,5485.12,5439.39
FALSE,-0.0053,12/14/2016,5465.69,5436.67,5476.25,5425.73
TRUE,0.0056,12/13/2016,5433.57,5463.83,5486.75,5430.72
FALSE,-0.0029,12/12/2016,5428.22,5412.54,5434.9,5394.42
TRUE,0.0015,12/9/2016,5436.11,5444.5,5450.16,5427.12
TRUE,0.0043,12/8/2016,5394.15,5417.36,5425.52,5389.1
TRUE,0.0134,12/7/2016,5322.67,5393.76,5397.93,5307.31
TRUE,0.0029,12/6/2016,5317.74,5333,5333.99,5299.94
TRUE,0.0048,12/5/2016,5283.58,5308.89,5321.09,5269.57
TRUE,0.0013,12/2/2016,5249.02,5255.65,5274.54,5239.27
FALSE,-0.0137,12/1/2016,5323.88,5251.11,5326.34,5238.21
FALSE,-0.0126,11/30/2016,5391.35,5323.68,5393.15,5323.68
TRUE,0.0017,11/29/2016,5370.98,5379.92,5403.86,5360.56
FALSE,-0.0035,11/28/2016,5387.92,5368.81,5396.27,5364.91
TRUE,0.0019,11/25/2016,5388.49,5398.92,5398.92,5379.28
TRUE,0.0026,11/23/2016,5366.55,5380.68,5380.68,5350.68
TRUE,0.0003,11/22/2016,5384.75,5386.35,5392.26,5365.6
TRUE,0.006,11/21/2016,5336.78,5368.86,5369.83,5334.16
FALSE,-0.0036,11/18/2016,5340.97,5321.51,5346.8,5315.53
TRUE,0.0073,11/17/2016,5295.07,5333.97,5334.05,5288.16
TRUE,0.0078,11/16/2016,5253.74,5294.58,5299.63,5251.88
TRUE,0.0065,11/15/2016,5241.35,5275.62,5287.06,5236.25
FALSE,-0.0053,11/14/2016,5246.33,5218.4,5247.17,5192.04
TRUE,0.0087,11/11/2016,5191.82,5237.11,5241.08,5179.64
FALSE,-0.0141,11/10/2016,5283.48,5208.8,5302.68,5145.32
TRUE,0.0208,11/9/2016,5143.86,5251.07,5258.99,5143.86
TRUE,0.0075,11/8/2016,5154.99,5193.49,5214.17,5145.3
TRUE,0.0072,11/7/2016,5128.99,5166.17,5169.41,5122.77
TRUE,0.0024,11/4/2016,5034.41,5046.37,5087.51,5034.41
FALSE,-0.0091,11/3/2016,5104.7,5058.41,5115.06,5053.52
FALSE,-0.0081,11/2/2016,5147.28,5105.57,5156.7,5097.56
FALSE,-0.0089,11/1/2016,5199.77,5153.58,5201.13,5112.32
FALSE,-0.0031,10/31/2016,5205.09,5189.13,5206.7,5186.56
FALSE,-0.0026,10/28/2016,5203.7,5190.1,5232.35,5178.76
FALSE,-0.0107,10/27/2016,5272.19,5215.97,5274.12,5211.75
FALSE,-0.0012,10/26/2016,5256.4,5250.27,5280.85,5237.05
FALSE,-0.0043,10/25/2016,5306.47,5283.4,5310.27,5278.57
TRUE,0.0037,10/24/2016,5290.31,5309.83,5311.5,5289.23
TRUE,0.0036,10/21/2016,5238.65,5257.4,5259.13,5225.76
TRUE,0.0007,10/20/2016,5238.2,5241.83,5252.1,5216.04
TRUE,0.0012,10/19/2016,5240.33,5246.41,5253.83,5234.25
FALSE,-0.0022,10/18/2016,5255.32,5243.84,5264.27,5239.44
FALSE,-0.0027,10/17/2016,5213.69,5199.82,5219.98,5196.03
FALSE,-0.0052,10/14/2016,5241.26,5214.16,5258.88,5213.37
TRUE,0.0025,10/13/2016,5200.3,5213.33,5228.26,5169.76
FALSE,-0.0017,10/12/2016,5247.91,5239.02,5257.18,5228.77
FALSE,-0.0141,10/11/2016,5321.82,5246.79,5321.82,5227.43
TRUE,0.0019,10/10/2016,5318.46,5328.67,5340.52,5317.73
FALSE,-0.0042,10/7/2016,5314.92,5292.4,5315.65,5266.8
FALSE,0,10/6/2016,5306.59,5306.85,5315.73,5281.47
TRUE,0.002,10/5/2016,5305.28,5316.02,5330.81,5304.06
FALSE,-0.0045,10/4/2016,5313.49,5289.66,5323.6,5271.7
TRUE,0.0001,10/3/2016,5300.29,5300.87,5308.6,5281.95
TRUE,0.0044,9/30/2016,5288.87,5312,5325.88,5277.88
FALSE,-0.0079,9/29/2016,5311.31,5269.15,5317,5254.52
TRUE,0.0011,9/28/2016,5312.73,5318.55,5320.62,5284.84
TRUE,0.0098,9/27/2016,5254.18,5305.71,5306.81,5251.32
FALSE,-0.0035,9/26/2016,5275.73,5257.49,5282.27,5254.96
FALSE,-0.0041,9/23/2016,5327.43,5305.75,5329.71,5301.63
TRUE,0.0031,9/22/2016,5323.26,5339.52,5342.88,5320.93
TRUE,0.006,9/21/2016,5263.65,5295.18,5299.4,5233.94
FALSE,-0.0028,9/20/2016,5256.19,5241.35,5265.18,5235.42
FALSE,-0.0054,9/19/2016,5263.55,5235.03,5281.07,5222.91
TRUE,0.0011,9/16/2016,5238.71,5244.57,5248.6,5218.97
TRUE,0.0138,9/15/2016,5178.1,5249.69,5254.78,5176.25
TRUE,0.0026,9/14/2016,5160.21,5173.77,5201.34,5159.55
FALSE,-0.005,9/13/2016,5181.14,5155.25,5195.03,5131.27
TRUE,0.0223,9/12/2016,5098.03,5211.89,5217.88,5097.8
FALSE,-0.0176,9/9/2016,5217.95,5125.91,5225.93,5125.91
FALSE,-0.002,9/8/2016,5269.96,5259.48,5271.01,5248.41
TRUE,0.0018,9/7/2016,5274.23,5283.93,5287.61,5261.92
TRUE,0.003,9/6/2016,5259.99,5275.91,5275.91,5244
FALSE,0,9/2/2016,5249.66,5249.9,5263.39,5231.02
TRUE,0.0017,9/1/2016,5218.28,5227.21,5229.94,5189.36
FALSE,-0.0006,8/31/2016,5216.42,5213.22,5219.89,5191.18
FALSE,-0.0013,8/30/2016,5229.88,5222.99,5241.62,5205.61
TRUE,0.0016,8/29/2016,5223.8,5232.33,5245.12,5222.34
FALSE,0,8/26/2016,5219.05,5218.92,5253.39,5191.86
TRUE,0.0009,8/25/2016,5207.61,5212.2,5230.59,5201.64
